TaskID,TotalLength,TaskOutputFileSize,TaskFileLength,CpuTime,,UserLatitude,UserLongitude,DataCenterID,VmID,ENSEMBLE_predicted_DC,GA_predicted_DC,SNAKE_predicted_DC,SNAKE_predicted_VM,ENSEMBLE_predicted_VM
1,45,20,24,3.388500389,,54.18336812,34.69151705,5,5,5,4,4,5,5
2,83,19,19,3.588795518,,-30.02294543,-156.915471,3,10,3,3,3,10,10
3,71,10,12,2.850740741,,-31.5194563,127.1652763,3,11,3,3,3,11,11
4,99,20,20,7.574646465,,-58.92487163,-94.74323796,3,5,3,3,3,5,5
5,62,13,21,3.588795518,,-39.96163765,-50.80590308,5,7,5,4,4,7,7
6,31,17,25,1.227241379,,-6.755865211,-177.9699177,3,11,3,3,3,11,11
7,10,17,19,1.111111111,,-72.48035667,-162.239668,3,3,3,3,3,3,3
8,56,19,24,2.228339307,,66.19953914,-67.92225945,5,11,5,5,5,11,11
9,58,11,23,4.447219447,,-11.09737593,-122.0971187,3,5,3,3,3,5,5
10,88,20,15,5.155956323,,58.34922977,125.8963249,5,7,5,5,5,7,7
11,76,18,12,3.002534503,,31.78219519,-136.7079179,5,11,5,5,5,11,11
12,79,12,25,6.029082029,,49.5527074,-16.55889454,4,5,4,4,4,5,5
13,86,15,18,4.48353236,,81.27083609,150.1342356,5,8,5,5,5,8,8
14,90,11,18,3.098671775,,-1.229494124,-45.62254276,4,13,4,4,4,13,13
15,31,13,18,2.343766234,,-74.20794777,61.12047444,3,5,3,3,3,5,5
16,98,15,23,7.49972139,,35.68501386,167.9380228,5,5,5,5,5,5,5
17,34,16,19,2.266666667,,-31.1728593,-76.67553985,4,6,4,4,4,6,6
18,21,16,13,0.84,,74.96023019,89.97552051,5,11,5,5,5,11,11
19,50,11,22,3.28353236,,64.17132278,-90.71801725,5,6,5,5,5,6,6
20,91,14,12,2.960740741,,14.35200002,-51.01208948,4,14,4,5,4,13,14
21,51,12,14,3.94982684,,24.71925652,81.25599743,4,5,4,4,4,5,5
22,75,11,25,3.908278304,,-74.2621675,44.30535653,3,8,3,3,4,8,8
23,19,16,14,0.746564496,,50.55889041,160.6832497,5,11,5,5,5,11,11
24,78,11,11,5.961926962,,79.99709249,97.14070446,5,5,5,5,5,5,5
25,68,11,19,2.740949203,,-65.88917104,64.42142294,3,11,3,4,3,11,11
26,63,20,20,4.182958611,,-69.91885535,13.46896654,3,6,3,4,3,6,6
27,47,12,10,3.596736597,,17.06144022,138.7733985,4,5,4,5,4,5,5
28,52,15,22,3.424866514,,47.88238175,7.660521549,4,6,4,4,4,6,6
29,60,20,21,2.378148148,,54.82365116,-133.6614827,5,11,5,5,5,11,11
30,34,12,16,2.553224553,,0.757443728,-39.88683566,4,5,4,5,4,5,5
31,87,17,17,6.655454545,,35.09859066,85.30998246,4,5,4,4,4,5,5
32,63,20,20,4.181119038,,-19.90466117,98.47241726,3,6,3,4,3,6,6
33,97,17,16,3.848735632,,-39.97354144,-55.8066248,4,11,4,4,4,11,11
34,11,19,14,0.733333333,,5.49724825,55.67885533,4,6,4,4,4,6,6
35,56,13,25,2.647619048,,-25.40180573,55.48389888,4,9,4,4,4,9,9
36,15,16,20,0.6,,-83.07863729,-143.9726142,3,11,3,3,3,11,11
37,18,10,14,1.96969697,,73.39866317,97.25146941,5,3,5,5,5,3,3
38,98,13,16,7.479409479,,-52.74778468,-22.34001573,4,5,4,4,4,5,5
39,20,13,20,0.79,,-39.67163928,-109.3514524,3,11,3,3,3,11,11
40,87,12,12,5.116597119,,-83.27481537,15.30310729,3,7,3,3,3,7,7
41,73,20,23,2.888275862,,58.8776763,-167.0418711,5,11,5,5,5,11,11
42,97,20,17,7.435120435,,19.17397905,-91.47545477,5,5,5,4,5,5,5
43,90,12,25,3.569706258,,-88.33167043,18.49093485,3,11,3,3,3,11,11
44,37,20,14,2.428571429,,-66.79503871,-136.0763397,3,6,3,3,3,6,6
45,66,16,22,3.432880154,,76.29551035,170.1080833,5,8,5,5,5,8,9
46,80,15,13,6.130979021,,-74.76857982,-130.9807946,3,5,3,3,3,5,5
47,32,12,20,1.28,,-37.7168921,32.98223622,4,11,4,4,4,11,11
48,53,14,18,3.083591331,,-75.41502906,41.26975185,3,7,3,4,4,7,7
49,20,13,21,0.775338442,,-37.20496018,-4.044982186,4,11,4,4,4,11,11
50,74,13,16,2.740740741,,-36.03785637,15.1963197,4,12,4,4,4,12,12
51,85,12,13,5.616760507,,65.47054944,65.72382853,5,6,4,5,5,6,5
52,40,16,18,3.008547009,,-12.97413107,-101.6686268,3,5,3,3,3,5,5
53,72,17,13,5.526806527,,25.16458447,131.9879296,4,5,4,4,5,5,5
54,69,16,16,2.76,,-60.03334879,122.4058515,3,11,3,3,3,11,11
55,14,15,20,0.933333333,,-49.6059937,67.92999332,4,6,4,4,4,6,6
56,56,19,11,3.722492933,,5.231078235,-107.7587888,5,6,5,5,5,6,6
57,85,11,25,3.363703704,,43.54240079,16.15949041,4,11,4,4,4,11,11
58,86,14,18,6.578088578,,51.82660213,54.30256554,4,5,4,4,4,5,5
59,29,10,19,1.929047619,,21.98333568,-11.8459982,5,6,5,4,5,6,6
60,49,15,11,3.248043382,,-55.28268014,14.48007881,3,6,4,4,4,6,6
61,16,20,23,1.72039072,,-32.01627504,42.57061188,4,3,4,4,4,3,3
62,71,14,21,4.711064041,,85.42837506,21.68435626,5,6,5,5,5,6,6
63,11,19,15,0.379310345,,84.62820163,15.35178324,5,13,5,5,5,11,13
64,31,12,14,2.747474747,,17.32757832,87.08880722,4,4,4,4,4,4,4
65,47,16,21,1.88,,65.57971619,-110.4556977,5,11,5,5,5,11,11
66,33,18,11,2.910866911,,-16.42168125,22.1936896,4,4,4,4,4,4,4
67,23,14,12,2.062049062,,-26.2312513,-94.73387901,3,4,3,3,3,4,4
68,34,12,16,1.336206897,,-72.31925496,-56.28662089,3,11,3,3,3,11,11
69,82,12,10,5.417333487,,-66.6554618,-22.30227136,3,6,3,3,3,6,6
70,54,10,24,1.966871009,,88.74267637,-173.249319,5,12,5,5,5,12,12
71,54,12,14,4.113442113,,-37.86927966,83.55272489,3,5,3,3,3,5,5
72,85,18,18,3.385338442,,-10.37500771,-37.87417691,4,11,4,4,4,11,11
73,66,15,20,5.068376068,,-26.11135199,-113.5896197,3,5,3,3,3,5,5
74,73,15,22,3.474008551,,-78.89433388,-29.12795489,3,9,3,3,3,9,9
75,98,17,17,7.517482517,,-5.297044609,6.931628084,4,5,4,4,4,5,5
76,15,10,11,0.6,,39.42414995,-153.8956201,5,11,5,5,5,11,11
77,93,13,15,3.436512998,,-6.732558649,-176.4844155,3,12,3,3,3,12,12
78,79,14,16,5.217233621,,-86.65299142,9.113636595,3,6,3,3,3,6,5
79,69,10,23,4.001928094,,-29.64727837,-11.56266093,4,7,4,4,4,7,7
80,10,15,12,1.079365079,,-44.02831537,34.38420034,4,3,4,4,4,3,3
81,79,11,16,6.027972028,,8.275315664,-110.9685058,5,5,5,5,5,5,5
82,76,11,23,3.013333333,,88.95140827,-84.67102274,5,11,5,5,5,11,11
83,30,10,18,1.986880244,,-81.32043279,12.49994584,3,6,3,3,4,6,6
84,12,10,23,1.333333333,,-79.77598955,29.21503124,3,3,3,3,3,3,3
85,73,19,20,5.608391608,,35.90858326,-143.9520089,5,5,5,5,5,5,5
86,98,14,11,3.345580686,,61.80002689,109.9971818,5,13,5,5,5,13,13
87,21,13,18,1.227647059,,-60.78541833,-33.26619153,3,7,3,4,3,7,7
88,22,11,22,1.419607843,,-34.66505137,162.6646312,3,6,3,3,3,6,6
89,88,12,11,5.170743996,,32.33192679,148.984507,5,7,5,5,5,7,7
90,82,13,19,6.265734266,,31.25269415,77.94817008,4,5,4,4,4,5,5
91,31,11,14,1.205925926,,-33.88346514,-70.88762161,5,11,5,5,5,11,11
92,60,20,18,3.538375286,,10.53658797,-140.6359484,5,7,5,5,5,7,7
93,67,18,18,2.650319285,,80.41852595,52.8761655,5,11,5,5,5,11,11
94,28,18,16,2.153846154,,48.04653469,-5.503285007,4,5,4,4,4,5,5
95,46,15,18,3.496503497,,87.31313676,-26.35627018,5,5,5,5,5,5,5
96,34,11,12,2.237819549,,-11.99705545,23.94062341,4,6,4,4,4,6,6
97,30,15,22,1.194482759,,89.39378882,20.75592052,5,11,5,5,5,11,11
98,13,18,10,0.52,,9.576628356,-148.6849794,3,11,3,5,3,11,11
99,88,14,25,4.176747431,,-45.95646222,6.259223739,4,9,4,4,4,9,9
100,29,19,21,2.561327561,,-13.69155316,75.53362611,4,4,4,4,4,4,4
101,88,15,18,6.713286713,,-64.53568036,45.67186762,3,5,4,4,3,5,5
102,25,14,23,0.924731183,,10.56109118,123.7051083,4,12,4,4,5,12,12
103,86,14,21,3.439501916,,-33.26422514,136.6568992,3,11,3,3,3,11,11
104,72,10,22,4.209948144,,-12.87910021,178.168362,3,7,3,3,3,7,7
105,89,14,25,6.776223776,,60.05892962,-74.34852408,5,5,5,5,5,5,5
106,99,17,13,3.927560664,,-64.73894073,-109.1584342,3,11,3,3,3,11,11
107,13,10,13,0.866666667,,12.68253431,-28.06033909,4,6,4,5,4,6,6
108,15,10,13,0.965072464,,-73.26865138,-27.24271815,3,6,3,3,3,6,6
109,96,12,12,4.562973931,,-33.25391941,-34.81871508,4,9,4,4,4,9,9
110,78,10,11,5.993006993,,2.37241022,-17.22923096,5,5,5,5,5,5,5
111,10,15,25,0.38,,39.90239177,-111.4429875,5,11,5,5,5,11,11
112,35,20,17,1.265185185,,63.00467362,152.5638808,4,12,4,4,4,12,12
113,31,10,12,2.772337662,,-57.53286157,121.5881404,3,4,3,3,3,4,4
114,52,14,12,2.097228608,,76.7870418,46.98843525,5,11,5,5,5,11,11
115,12,13,23,0.8,,-70.11284014,162.1509492,3,6,3,3,3,6,6
116,27,13,15,1.733784461,,48.63691198,-92.36173584,5,6,5,5,4,6,6
117,34,12,23,1.172413793,,-5.844646212,-124.4216782,5,13,5,5,5,12,13
118,83,18,21,6.356643357,,-31.5762403,-57.26401825,4,5,4,4,4,5,5
119,40,19,17,2.666666667,,-65.62592079,141.445065,3,6,3,3,3,6,6
120,99,17,24,3.951979566,,-76.50570735,133.9162488,3,11,3,3,3,11,11
121,77,14,18,3.639698992,,-81.16387602,158.9178009,3,9,3,3,3,9,9
122,66,14,25,5.013986014,,73.42857248,88.66196441,4,5,4,4,5,5,5
123,25,12,15,1.629254658,,13.69111527,-29.48117225,4,6,4,4,4,6,6
124,17,19,10,1.506493506,,53.74683209,88.28350526,4,4,4,4,5,4,4
125,68,16,11,2.717598978,,-13.14636265,146.7364611,3,11,3,3,3,11,11
126,15,20,17,2.111111111,,86.60897602,-100.578458,5,2,5,5,5,2,2
127,21,12,13,1.398879552,,32.12593358,-58.00103976,5,6,5,5,5,6,6
128,46,20,21,3.538461538,,62.51831926,-11.96966232,5,5,5,4,5,5,5
129,23,12,13,1.481644008,,66.03903241,-137.0165051,5,6,5,5,5,6,6
130,74,15,22,4.301540232,,74.54411486,65.20670399,5,7,5,5,5,7,7
131,30,11,12,2.642024642,,70.22458731,-79.34464285,4,4,4,5,4,4,4
132,53,19,13,2.099310345,,-59.59343441,73.0262029,3,11,4,3,3,11,11
133,21,13,23,1.615384615,,-57.8934734,-62.72568119,3,5,4,3,3,5,5
134,26,12,25,0.93063857,,64.48009404,-87.40858861,5,12,5,5,5,12,12
135,100,13,18,7.692307692,,-88.32563522,-83.29690803,3,5,3,3,3,5,5
136,19,18,12,1.266666667,,36.63939133,85.8606804,4,6,4,5,5,6,6
137,30,12,25,1.982129236,,13.13396154,-25.10976493,4,6,4,4,4,6,6
138,28,11,17,1.09037037,,-38.9613604,160.5002983,3,11,3,3,3,11,11
139,75,19,16,2.579443826,,-36.38057747,-82.98825949,3,13,3,3,3,13,13
140,94,10,23,4.435372254,,76.15174465,126.3654031,4,9,5,4,4,9,9
141,88,16,20,6.769230769,,60.03036183,56.0947341,5,5,5,5,4,5,5
142,24,18,18,0.940689655,,-87.37506042,134.6352662,3,11,3,3,3,11,11
143,24,19,18,0.939259259,,-69.20742804,-59.616408,3,11,3,3,4,11,11
144,73,15,17,3.826131826,,-34.62246034,72.62528096,4,8,4,4,4,8,8
145,56,14,14,1.93063857,,-50.45799742,-63.32947083,4,13,4,3,4,12,13
146,19,18,25,0.76,,-53.13811313,152.1818602,3,11,3,3,3,11,11
147,85,11,15,6.538461538,,39.49691344,-30.08434579,4,5,4,4,4,5,5
148,23,14,10,1.501960784,,-35.44628526,-121.1035131,3,6,3,3,3,6,6
149,26,16,10,1.026206897,,15.77784455,-106.6844302,5,11,5,5,5,11,11
150,67,11,12,2.645517241,,-49.10437305,-48.42311319,4,11,4,4,4,11,11
151,86,13,23,5.040666821,,-77.22833188,119.7690487,3,7,3,3,3,7,7
152,63,16,15,4.846153846,,-81.66073356,133.2283676,3,5,3,3,3,5,5
153,79,17,16,3.138186462,,67.55059907,-58.69235146,5,11,5,5,5,11,11
154,90,15,19,5.260566954,,-29.54364566,173.5123438,3,7,3,3,3,7,7
155,43,10,23,3.307692308,,67.38805108,117.944963,5,5,5,5,5,5,5
156,30,12,18,1.259425287,,-10.83495862,-106.9516711,4,11,4,3,3,11,11
157,46,16,14,3.538461538,,-85.53607639,-119.6712524,3,5,3,3,3,5,5
158,62,13,19,2.261689944,,60.29443376,-116.3194888,5,12,5,5,5,12,11
159,38,15,21,2.923076923,,-84.68189795,54.9887039,4,5,3,4,3,5,5
160,14,11,19,0.933333333,,6.369141306,-108.544864,5,6,5,5,5,6,6
161,11,14,14,0.685714286,,9.691626426,-19.46542137,4,6,4,4,4,6,6
162,67,12,25,3.939821421,,-10.98337848,-161.6653939,3,7,3,3,3,7,7
163,38,12,15,2.923076923,,-75.92551855,-155.1835828,3,5,3,3,3,5,5
164,91,12,11,3.634533844,,59.42199576,-40.36559847,5,11,5,5,5,11,11
165,30,13,18,2.698412698,,-10.27042425,-110.0065146,5,4,5,5,5,4,4
166,72,19,24,4.281152882,,-84.18409963,-108.8464913,3,7,3,3,3,7,7
167,73,10,22,5.615384615,,29.68850936,-179.2302432,5,5,5,5,5,5,5
168,98,20,24,3.388458781,,87.4831737,-52.79636453,4,13,4,5,5,13,13
169,45,12,24,2.966240409,,-34.69403038,-95.88687774,4,6,3,3,3,6,6
170,47,10,21,3.615384615,,68.59152406,-146.2909451,5,5,5,5,5,5,5
171,97,17,11,5.060751623,,-24.19297026,150.5800043,3,8,3,3,3,8,8
172,48,19,23,3.692307692,,56.94773737,-90.26989609,4,5,4,5,4,5,5
173,30,12,10,1.247931034,,19.23957809,176.0389312,5,11,4,5,5,11,11
174,70,16,12,5.384615385,,-74.72557222,31.23043703,4,5,4,4,4,5,5
175,50,11,18,1.961481481,,-57.15153997,130.3862782,3,11,3,3,3,11,11
176,61,15,12,4.052126352,,11.67764832,92.87792235,4,6,4,4,4,6,6
177,66,20,12,5.076923077,,74.97511058,88.75569887,5,5,5,5,5,5,5
178,18,13,17,0.72,,84.35867071,108.053022,5,11,5,5,5,11,11
179,42,17,22,1.652222222,,-42.90259909,120.611938,3,11,3,3,3,11,11
180,50,16,10,2.945523592,,-66.39889851,-126.1048818,3,7,3,3,3,7,7
181,62,12,19,2.131494253,,-25.30473047,-66.72277075,4,13,4,4,4,12,13
182,94,18,13,7.230769231,,-89.2264845,-148.1065268,3,5,3,3,3,5,5
183,82,18,11,4.272900858,,37.19921324,85.74267079,4,8,4,4,4,8,8
184,15,10,16,0.517241379,,14.22349893,-108.7701157,5,13,5,5,5,12,11
185,61,15,24,2.258148148,,-26.59273633,130.751863,3,12,3,3,3,12,12
186,33,13,11,2.915084915,,28.94162835,30.44795174,4,4,4,4,4,4,4
187,86,12,12,5.033372305,,76.92088447,-75.64832943,5,7,5,5,5,7,7
188,93,15,22,7.153846154,,70.6456514,96.29598489,5,5,5,4,5,5,5
189,80,15,12,3.269642401,,-28.15620098,-148.2891467,3,11,3,3,3,11,11
190,13,19,24,0.843333333,,40.38803153,18.00659059,4,6,4,4,4,6,6
191,61,18,11,2.64283208,,-65.40247138,35.46639574,4,10,4,4,4,10,10
192,52,20,23,1.896666667,,50.37558773,93.25232594,4,12,4,4,4,12,12
193,93,13,23,7.153846154,,42.19009899,124.9293757,5,5,5,4,5,5,5
194,25,14,21,1.621052632,,51.13591382,124.5115246,5,6,5,5,5,6,6
195,27,12,25,1.060740741,,-20.45852917,24.48815597,4,11,4,4,4,11,11
196,14,13,16,0.936086957,,89.3724456,156.4309028,5,6,5,5,5,6,6
197,30,10,11,1.748724753,,-50.87823251,-45.96032073,4,7,4,3,4,7,7
198,88,10,11,3.49037037,,-43.28902176,-139.8116306,3,11,3,3,3,11,11
199,57,19,19,4.384615385,,-20.18977462,-65.49337724,5,5,5,4,5,5,5
200,74,14,17,4.32177118,,32.46258273,-7.690397643,4,7,4,4,4,7,7
201,61,11,25,2.401481481,,26.44274597,23.54237017,4,11,4,4,4,11,11
202,88,14,25,6.769230769,,-28.79810175,-132.0486381,3,5,3,3,3,5,5
203,26,10,20,1.699159664,,-2.163108616,-64.49129407,5,6,5,5,5,6,6
204,69,10,14,4.051954695,,16.75661859,107.1373814,4,7,4,5,5,7,7
205,17,20,18,0.68,,-79.50565423,146.8990499,3,11,3,3,3,11,11
206,87,17,15,3.45037037,,-71.97873968,127.6232051,3,11,3,3,3,11,11
207,81,13,13,6.230769231,,-15.42405604,-32.0540075,4,5,4,4,4,5,5
208,26,10,15,1.71,,69.21921869,62.95902418,5,6,5,5,5,6,6
209,100,18,21,4.742172567,,-52.66459084,-141.8822681,3,9,3,3,3,9,9
210,59,20,17,2.331851852,,34.38007233,-128.0212403,5,11,5,5,5,11,11
211,27,20,17,2.076923077,,85.37822481,-143.495896,5,5,5,5,5,5,5
212,32,19,14,2.461538462,,1.368580571,-147.713232,3,5,3,3,3,5,5
213,58,18,15,2.303703704,,-22.36824288,154.1555667,3,11,3,3,3,11,11
214,58,14,19,4.461538462,,42.07599947,-44.08788975,4,5,4,4,4,5,5
215,88,16,20,4.157422905,,-7.155664745,33.07450574,4,9,4,4,4,9,9
216,22,19,10,0.844444444,,-51.54271008,122.1123219,3,11,3,3,3,11,11
217,30,16,21,2.307692308,,55.07292114,-14.64291962,5,5,5,5,5,5,5
218,19,17,11,0.76,,0.178609901,161.7910522,3,11,3,3,3,11,11
219,50,13,19,1.971851852,,62.58554492,-135.0065709,5,11,5,5,5,11,11
220,26,12,15,2,,-32.22576174,104.2858339,3,5,3,3,3,5,5
221,45,17,12,3.461538462,,39.36697439,80.41670759,4,5,4,4,4,5,5
222,74,20,18,4.341981424,,58.15618508,-33.49674268,5,7,5,5,5,7,7
223,11,13,17,0.428148148,,-65.15206838,54.9384481,4,11,4,3,4,11,11
224,17,17,23,0.68,,-56.82186526,-172.5235403,3,11,3,3,3,11,11
225,22,16,17,0.88,,89.15281506,-161.1201303,5,11,5,5,5,11,11
226,27,13,15,1.08,,-45.36262232,109.1768532,3,11,3,3,3,11,11
227,56,17,13,4.307692308,,-2.165153615,13.49247071,4,5,4,4,4,5,5
228,73,20,12,3.448043382,,-68.00580782,-95.41082347,3,9,3,3,3,9,9
229,78,14,15,2.892068966,,-84.51754944,174.3110116,3,12,3,3,3,12,12
230,79,20,11,6.076923077,,-56.3897068,118.7101245,3,5,3,3,3,5,5
231,76,17,17,3.957275542,,-40.72019957,34.3566602,4,8,4,4,4,8,8
232,18,12,24,0.73962963,,-11.47603025,-12.22909779,5,11,5,4,5,11,11
233,26,13,23,2,,85.46047517,-67.54754029,5,5,5,5,5,5,5
234,28,17,24,1.12,,66.20154611,-104.831479,4,11,4,5,4,11,11
235,23,16,19,2.522366522,,65.28133216,-63.63906562,5,3,5,5,5,3,3
236,46,11,23,1.84,,76.8817066,-48.45319865,5,11,5,5,5,11,11
237,96,17,12,7.384615385,,66.22248591,136.339737,5,5,5,5,5,5,5
238,33,18,10,2.187345538,,-29.01319856,179.9030401,3,6,3,3,3,6,6
239,35,10,21,1.376296296,,61.43228599,20.40392712,4,11,4,4,4,11,11
240,13,16,24,0.828571429,,-61.26589826,179.5477015,3,6,3,3,3,6,6
241,81,20,20,3.211851852,,-48.00361435,-128.6844465,3,11,3,3,3,11,11
242,11,17,13,0.733333333,,-60.36498012,-123.1898645,3,6,3,3,3,6,6
243,25,18,24,1.625916454,,-42.55318293,-152.4560438,3,6,3,3,3,6,6
244,58,20,24,2.729047619,,-82.01999873,-107.4335553,4,9,4,3,4,9,9
245,68,15,14,5.230769231,,73.30092694,113.8127623,5,5,5,5,5,5,5
246,40,15,14,1.739130435,,87.46359975,-50.51239237,5,10,5,5,5,10,10
247,63,15,25,2.300689655,,7.758466155,-146.7000902,5,12,5,5,5,12,12
248,96,10,21,7.384615385,,64.67489656,-84.13128569,4,5,4,5,5,5,5
249,94,14,15,4.916538084,,13.97995344,51.62614805,4,8,4,4,4,8,8
250,22,11,10,0.88,,-33.28977453,-172.6404354,3,11,3,3,3,11,11
251,40,17,15,1.571851852,,82.68920209,-106.488848,5,11,5,5,5,11,11
252,82,17,12,3.008326948,,11.1557124,-12.85482137,4,12,4,4,4,12,12
253,23,15,10,1.769230769,,71.60131068,-34.94557764,4,5,4,4,4,5,5
254,27,10,10,1.620144928,,1.954504109,-20.28123023,4,7,4,5,5,7,6
255,89,14,25,6.846153846,,-84.29492979,116.1092484,3,5,3,3,3,5,5
256,64,11,18,3.761061157,,-11.84426405,52.8135085,4,7,4,4,4,7,7
257,57,11,14,4.384615385,,-7.292955751,-3.040334559,4,5,4,4,4,5,5
258,80,10,19,5.321671122,,-24.97247659,114.7478218,3,6,3,3,3,6,6
259,92,15,17,3.647407407,,71.07212388,-32.33161174,5,11,5,5,5,11,11
260,86,18,23,6.615384615,,-36.1774166,82.35563099,4,5,4,4,4,5,5
261,90,14,15,4.733765296,,46.30409697,118.2272945,5,8,5,5,5,8,8
262,72,20,25,2.859259259,,-73.32062711,-146.5690034,3,11,3,3,3,11,11
263,27,12,22,2.076923077,,-83.73480409,-17.67949495,3,5,3,3,3,5,5
264,62,14,12,2.48,,84.28389463,-53.16047201,5,11,5,5,5,11,11
265,50,20,19,3.846153846,,-62.03261204,71.72142834,4,5,4,4,4,5,5
266,80,15,20,4.725916966,,36.73909053,-21.48194086,5,7,5,4,5,7,7
267,69,16,16,5.307692308,,-58.06199805,1.762761434,4,5,4,4,4,5,5
268,19,10,25,0.76,,-68.67373373,-127.7922748,3,11,3,3,3,11,11
269,27,17,14,1.06962963,,-56.99053809,-48.70345665,4,11,4,4,4,11,11
270,66,18,12,4.372256729,,43.12750853,-128.8082617,5,6,5,5,5,6,5
271,85,12,13,3.218965517,,-62.95990836,123.5469819,3,12,3,3,3,12,12
272,46,12,10,3.538461538,,-76.17110002,48.70125901,4,5,4,3,4,5,5
273,12,11,21,1.226883117,,87.78180182,40.0844497,5,3,5,5,5,3,3
274,58,15,19,2.758683089,,-74.30501878,-17.20695005,4,9,4,3,4,9,9
275,15,20,20,2.134532135,,46.88199038,77.84052727,4,2,4,4,5,2,2
276,18,19,11,1.632698413,,-88.7164186,-38.92030699,3,4,3,3,3,4,4
277,17,11,11,0.662222222,,10.31312652,-16.53186708,5,11,5,4,5,11,11
278,59,16,18,2.36,,15.80440559,56.64532343,4,11,4,4,4,11,11
279,10,10,18,1.412698413,,-4.986853121,-158.2255282,3,2,3,3,3,2,2
280,62,18,18,4.769230769,,9.91642757,-112.6871792,5,5,5,5,5,5,5
281,39,17,16,1.840470742,,72.84416666,131.4260264,5,9,5,5,5,9,9
282,73,10,10,2.924814815,,-14.80896664,96.27246598,4,11,4,4,4,11,11
283,45,16,18,2.93803678,,-60.70160534,-137.4008343,3,6,3,3,3,6,6
284,40,16,25,3.076923077,,85.692104,-120.9223083,5,5,5,5,4,5,5
285,46,11,11,3.004424104,,20.91960994,-153.4503205,5,6,5,5,5,6,6
286,64,14,24,4.923076923,,37.06930329,85.17634743,4,5,4,4,4,5,5
287,96,17,24,3.84,,-8.547774134,23.77408561,4,11,4,4,4,11,11
288,69,19,25,3.591635034,,-32.05714951,-147.8666689,3,8,3,3,3,8,8
289,92,13,14,7.076923077,,54.72081466,28.44977749,5,5,4,5,5,5,5
290,40,17,13,2.645569166,,50.98236596,125.0421199,4,6,4,4,4,6,6
291,67,13,15,2.665185185,,0.992694421,98.51025749,4,11,4,4,4,11,11
292,88,11,15,4.181148459,,63.28928302,-166.3449673,5,9,5,5,5,9,9
293,12,20,22,1.698412698,,18.82359683,35.48737897,4,2,4,4,4,2,2
294,15,13,15,0.545338442,,-78.40913796,-143.6931512,3,12,3,3,3,11,12
295,77,12,11,5.923076923,,27.76251953,-95.66361294,5,5,5,5,5,5,5
296,66,11,23,2.602962963,,-74.7048092,-93.56665122,3,11,3,3,3,11,11
297,37,13,16,2.424285714,,37.96254204,38.75436693,4,6,4,4,4,6,6
298,29,20,15,1.16,,-24.88394808,145.9922471,3,11,3,3,3,11,11
299,94,16,16,7.230769231,,75.14796896,37.83401275,5,5,5,5,5,5,5
300,37,11,12,2.414340198,,30.55320408,24.91625994,4,6,4,4,4,6,6
301,61,19,14,2.408888889,,40.27884746,-156.8637952,5,11,5,5,5,11,11
302,43,19,13,2.836831208,,69.33726273,-150.3133362,5,6,5,5,5,6,6
303,95,15,11,4.502947907,,-44.19903547,-111.4487177,3,9,3,3,3,9,9
304,29,14,13,2.604617605,,-52.36178621,-86.69684169,3,4,3,3,3,4,4
305,47,19,25,1.872592593,,-77.04873378,124.8379678,3,11,3,3,3,11,11
306,62,11,14,4.769230769,,32.83211762,92.36977834,5,5,5,5,5,5,5
307,100,10,22,3.971851852,,-27.10006105,114.8876197,3,11,3,4,3,11,11
308,98,18,14,5.136035677,,-59.81292315,105.9512911,3,8,3,3,3,8,8
309,48,16,24,3.692307692,,-44.41853292,55.80021482,4,5,4,4,4,5,5
310,28,20,22,1.12,,87.6537344,-104.996112,5,11,5,5,5,11,11
311,46,17,12,3.538461538,,-50.65894592,-26.20110714,4,5,4,4,4,5,5
312,53,13,13,4.076923077,,-29.33901897,178.4030164,3,5,3,3,3,5,5
313,85,16,21,3.138148148,,-60.26161299,-57.05108095,5,12,5,4,5,12,12
314,32,12,13,2.075040543,,-58.35346431,128.454063,3,6,3,3,3,6,6
315,13,18,22,0.847058824,,1.561054144,-37.08794283,5,6,5,5,5,6,6
316,52,12,22,3.436220987,,50.65967527,113.681024,5,6,5,5,5,6,6
317,25,14,11,2.243867244,,70.91849645,5.504015236,5,4,5,5,5,4,4
318,97,15,11,3.330689655,,89.86104514,-93.45702534,5,13,5,5,5,13,13
319,14,18,12,1.935064935,,-31.48220601,-22.72346184,4,2,4,4,4,2,2
320,71,11,17,5.461538462,,-23.553613,-94.97350329,3,5,3,3,3,5,5
321,49,19,24,2.854487882,,58.83412599,-163.1793633,4,7,5,5,4,7,7
322,98,15,12,4.644307636,,-5.812160605,-170.7467066,3,9,3,3,3,9,9
323,12,20,18,0.48,,12.177655,90.77411395,4,11,4,4,4,11,11
324,14,12,14,1.216450216,,81.92760992,62.12606088,5,4,5,5,5,4,6
325,32,15,20,1.278518519,,63.01907335,-31.8013615,5,11,5,5,5,11,11
326,55,16,24,4.230769231,,-60.02877357,6.293288696,4,5,4,4,4,5,5
327,51,13,18,2.04,,-52.2712198,25.05531864,4,11,4,4,4,11,11
328,70,20,24,5.384615385,,49.22115868,70.83233048,4,5,4,4,4,5,5
329,83,12,15,3.917453416,,71.64160704,169.7229102,5,9,5,5,5,9,9
330,65,11,22,2.592592593,,47.38712965,147.9702952,5,11,5,5,5,11,11
331,51,14,13,3.923076923,,-18.66018454,148.93645,3,5,3,3,3,5,5
332,32,14,19,2.083669468,,71.46522043,-39.54727695,5,6,5,5,5,6,6
333,69,14,14,2.555555556,,-17.53603897,47.79292895,4,12,4,4,4,12,12
334,20,11,20,1.538461538,,27.24716756,-14.55770644,4,5,4,4,4,5,5
335,95,17,11,5.545004455,,68.61410109,170.5467409,5,7,5,5,5,7,7
336,30,15,15,2.640803641,,-30.95317643,-151.9924711,3,4,3,3,3,4,4
337,87,20,13,3.478518519,,23.30089993,9.354850563,4,11,4,4,4,11,11
338,78,13,23,6,,-19.97314398,124.2427737,3,5,3,4,3,5,5
339,32,11,13,2.108171964,,67.4612466,-19.05373141,5,6,5,5,5,6,6
340,93,13,21,3.71,,82.37238248,-119.2859786,5,11,5,5,5,11,11
341,56,16,16,4.307692308,,-85.98353503,-56.9545873,3,5,3,3,3,5,5
342,52,20,19,3.406240602,,31.04142923,-5.350792355,4,6,4,4,4,6,6
343,61,11,12,4.692307692,,24.19322853,-139.1286733,5,5,5,5,5,5,5
344,18,11,15,1.2,,-17.78347239,-63.96234374,4,6,4,4,4,6,6
345,30,11,14,1.295732938,,-5.261992625,-6.314748203,4,10,4,4,4,10,10
346,31,15,21,1.24,,-59.55790684,165.3021898,3,11,3,3,3,11,11
347,86,18,10,5.102256729,,64.90311818,-71.36577165,5,7,5,5,5,7,7
348,30,16,24,2.307692308,,2.627150975,-94.4219204,5,5,5,5,5,5,5
349,55,17,14,2.176296296,,37.17924316,-161.7490279,3,11,3,5,5,11,11
350,75,18,14,5.769230769,,51.37148012,-41.61420152,4,5,4,4,4,5,5
351,53,20,24,1.827586207,,48.26967425,127.4133834,4,13,4,4,5,13,13
352,19,12,18,1.234173669,,-68.50488037,16.33938183,3,6,3,3,3,6,6
353,29,15,13,1.494279176,,55.7418774,-83.63850094,5,8,5,5,5,8,8
354,67,18,10,2.54,,74.04413541,104.0570082,5,12,5,5,5,12,12
355,28,14,17,1.809207161,,-2.811633299,148.5580894,3,6,3,3,3,6,6
356,42,15,22,3.230769231,,-28.07117686,78.08648126,4,5,4,4,4,5,5
357,18,20,16,1.143859649,,80.0029918,66.78438611,5,6,5,5,5,6,6
358,24,15,16,1.031884058,,38.57810255,-138.4342626,5,10,5,5,5,11,10
359,18,12,18,1.058823529,,-32.13723907,76.96725179,3,7,3,4,3,6,7
360,67,20,20,5.153846154,,-46.34093965,-178.7199081,3,5,3,3,3,5,5
361,99,13,12,4.686165414,,28.05282016,-133.6713222,3,9,5,5,5,9,9
362,96,19,23,3.81037037,,14.48089602,-149.2477273,3,11,5,3,5,11,11
363,25,16,23,1.923076923,,38.01145192,167.3332789,5,5,5,5,5,5,5
364,76,12,14,5.846153846,,-47.08210146,54.46002446,4,5,4,4,4,5,5
365,93,16,25,5.467558923,,-32.92345167,27.79289912,4,7,4,4,4,7,7
366,27,12,15,1.078518519,,-9.04072441,23.99068711,4,11,4,4,4,11,11
367,56,13,18,4.307692308,,68.07922804,-151.4790836,5,5,5,5,5,5,5
368,10,20,14,0.4,,-46.08610239,150.3443598,3,11,3,3,3,11,11
369,80,10,11,3.174814815,,-69.42381257,47.35985966,3,11,3,3,3,11,11
370,64,14,18,3.335899852,,68.75496605,-120.187127,5,8,5,5,5,8,8
371,21,20,25,2.233766234,,-9.691972644,-158.7744873,3,3,3,3,3,3,3
372,69,20,21,5.307692308,,-12.15646927,-80.62533532,4,5,4,4,4,5,5
373,58,13,16,2.32,,-17.0108129,12.94001715,4,11,4,4,4,11,11
374,48,14,12,2.256705639,,74.32424657,-142.0230761,5,9,5,5,5,9,9
375,54,10,20,4.153846154,,85.93235408,-155.4507329,5,5,5,5,5,5,5
376,81,19,12,2.585580686,,17.3818021,-124.8440063,3,14,5,5,3,13,12
377,68,13,21,3.999266645,,-32.44146098,28.41122406,4,7,4,4,4,7,7
378,67,14,20,5.153846154,,33.96938382,14.40047857,4,5,4,4,4,5,5
379,28,12,25,1.839751553,,-11.35834524,-172.1378126,3,6,3,3,3,6,6
380,11,13,23,0.44,,83.99709297,-7.205611304,5,11,5,5,5,11,11
381,48,19,14,1.92,,76.65596098,161.4619937,5,11,5,5,5,11,11
382,21,20,16,1.354385965,,-7.986289117,-98.15251549,3,6,3,3,5,6,6
383,63,16,18,4.846153846,,-55.35179837,-74.22182974,3,5,3,3,4,5,5
384,70,14,20,3.033562166,,-28.69175599,-118.5267209,3,10,3,3,3,10,8
385,85,16,24,3.4,,48.9892186,148.618882,4,11,4,5,5,11,11
386,71,17,18,5.461538462,,0.999917749,-14.99670115,4,5,4,4,4,5,5
387,75,20,15,3.567358293,,48.32258387,-50.86724397,5,9,5,5,5,9,9
388,99,14,25,3.633614304,,18.08837352,144.694693,3,12,4,4,3,12,12
389,96,13,19,7.384615385,,-28.01773578,-144.2998669,3,5,3,3,3,5,5
390,67,16,20,3.50504644,,-60.49297252,-99.04769135,3,8,3,3,3,8,8
391,11,15,24,0.44,,-23.36232496,-78.70042376,5,11,5,5,5,11,11
392,91,12,11,3.64,,-89.39059916,23.89679245,3,11,3,3,3,11,11
393,90,13,23,3.873872661,,-16.75927067,56.12137866,4,10,4,4,4,10,10
394,86,19,13,6.615384615,,16.94322135,50.84856382,4,5,4,4,4,5,5
395,11,18,19,0.44,,71.50533889,-172.5627329,5,11,5,5,5,11,11
396,97,14,15,5.097904544,,50.89749347,178.5508306,5,8,5,5,5,8,8
397,76,12,19,5.846153846,,-86.25381478,-28.47984534,3,5,3,3,3,5,5
398,16,18,25,0.64,,87.37327508,-80.84910179,5,11,5,5,5,11,11
399,49,17,23,1.96,,-79.66740053,-81.01896788,3,11,3,3,3,11,11
400,35,19,13,1.4,,-4.121715807,-165.1960753,3,11,3,3,3,11,11
401,86,20,15,6.615384615,,-56.66604897,-63.08302854,4,5,4,4,4,5,5
402,96,14,18,5.635485132,,-8.172531718,-141.7286219,3,7,3,3,3,7,7
403,31,16,17,1.24,,85.90701586,-72.54339555,5,11,5,5,5,11,11
404,37,14,15,1.48,,-84.05622497,162.6861041,3,11,3,3,3,11,11
405,52,20,20,1.911264368,,-78.42562169,38.23954411,4,12,4,4,4,12,12
406,78,11,12,6,,45.75768941,144.3020452,4,5,4,4,4,5,5
407,81,12,20,4.249254658,,-79.27513764,84.68523162,3,8,3,3,3,8,8
408,41,19,21,1.64,,55.69958659,-125.5203614,5,11,5,5,5,11,11
409,91,14,10,7,,34.8974522,-171.3091664,5,5,5,5,5,5,5
410,26,14,19,1.04,,-73.29579927,9.635596901,4,11,4,4,4,11,11
411,31,18,23,2.059749117,,33.32363187,-128.9167612,5,6,5,5,5,6,6
412,51,13,21,2.04,,-16.64586551,166.64084,3,11,3,3,3,11,11
413,86,18,25,4.08409002,,-83.00269532,-91.66976484,3,9,3,3,3,9,9
414,69,13,17,5.307692308,,-27.3732186,-123.8338344,3,5,3,3,3,5,5
415,98,19,14,3.605925926,,-29.57112181,69.99625783,4,12,4,4,4,12,12
416,88,12,25,3.851058529,,87.44649573,26.32834496,5,10,5,5,5,10,10
417,97,10,22,7.461538462,,-24.46023656,-97.27127865,4,5,4,3,3,5,5
418,27,16,25,1.08,,-42.09759181,-10.05075034,4,11,4,4,4,11,11
419,17,20,12,0.68,,55.14937207,-143.9404412,5,11,5,5,5,11,11
420,63,11,15,2.52,,-76.10170706,-61.44384419,3,11,3,3,3,11,11
421,36,10,20,2.361816305,,30.24028537,-107.6361648,5,6,5,5,5,6,6
422,23,15,21,2.078253968,,62.71438957,-156.6538626,5,4,5,5,5,4,4
423,46,14,17,1.84,,-89.35544141,-46.18920567,3,11,3,3,3,11,11
424,15,10,12,0.935403727,,-52.17245498,61.70993487,4,6,4,3,4,6,6
425,18,19,14,1.982683983,,-19.34898329,-134.5298112,3,3,3,3,3,3,3
426,46,17,17,3.014115852,,-64.15551182,52.8278785,4,6,4,4,4,6,6
427,30,13,14,2.666666667,,-45.88125333,118.9532227,3,4,3,3,3,4,4
428,39,13,15,1.56,,76.45972379,-104.9518301,4,11,4,5,4,11,11
429,45,14,17,2.604452307,,36.69471326,-20.1384218,4,7,4,4,4,7,7
430,70,14,11,5.384615385,,-86.41753984,79.42300166,3,5,3,3,3,5,5
431,63,13,23,2.52,,-46.08787135,-32.80868652,4,11,4,4,4,11,11
432,100,17,20,4.739398304,,-4.498651562,141.0545,3,9,3,4,3,9,9
433,68,11,19,5.230769231,,-48.79859737,-70.80029168,4,5,4,3,4,5,5
434,92,14,24,3.68,,-59.45750378,-163.1184533,3,11,3,3,3,11,11
435,17,11,21,1.474747475,,-71.2111482,159.2127881,3,4,3,3,3,4,4
436,29,18,21,2.547785548,,60.55388952,80.34606534,4,4,4,4,4,4,4
437,52,12,15,3.419862893,,82.9734797,-79.22392768,5,6,5,5,5,6,6
438,79,13,23,6.076923077,,-86.94521335,155.2470625,3,5,3,3,3,5,5
439,38,18,10,1.52,,10.3776822,72.40131903,4,11,4,4,4,11,11
440,48,12,22,2.525195341,,5.449138207,-104.7474747,5,8,5,3,5,8,8
441,11,13,22,0.391111111,,1.991411916,-146.4804589,5,12,5,5,5,11,11
442,47,12,19,1.88,,69.18023401,153.7846698,5,11,5,5,5,11,11
443,57,19,19,4.384615385,,-64.01221733,-173.9720609,3,5,3,3,3,5,5
444,88,11,25,4.188968457,,-55.1745353,-150.9347869,3,9,3,3,3,9,9
445,79,13,20,3.16,,-29.22283236,125.4686006,4,11,4,3,3,11,11
446,42,20,17,3.230769231,,-43.17931988,25.8497727,4,5,4,4,4,5,5
447,21,17,11,1.352380952,,-72.58979036,131.086741,3,6,3,3,3,6,6
448,25,15,17,1.923076923,,-45.08562734,-0.241063926,4,5,4,4,4,5,5
449,25,19,16,2.262626263,,-23.06864398,29.69789772,4,4,4,4,4,4,4
450,15,14,24,0.6,,-19.37160172,114.7844593,5,11,5,3,5,11,11
451,65,18,17,3.812691575,,-10.26782917,138.6855638,4,7,4,4,3,7,7
452,49,12,17,1.794380587,,-57.1356081,-83.95675407,3,12,3,3,3,12,11
453,86,13,13,6.615384615,,21.77112812,-152.1514411,5,5,5,5,5,5,5
454,36,12,23,1.44,,49.06761813,69.31259059,5,11,5,5,5,11,11
455,56,14,18,2.401290951,,3.805685915,139.8408057,4,10,4,4,4,10,10
456,18,19,21,0.72,,-45.3405707,55.89926329,4,11,4,4,4,11,11
457,91,10,11,3.348199234,,35.52489584,146.7379185,5,12,5,5,5,12,12
458,17,18,21,0.99719888,,-20.37924878,146.012832,3,7,3,3,3,7,7
459,79,16,16,6.076923077,,-68.61209501,-79.81659049,3,5,3,3,3,5,5
460,48,18,13,2.818171964,,-28.46014919,-13.87715934,4,7,4,4,4,7,7
461,73,18,23,3.456299252,,80.95248448,58.96317056,5,9,5,4,5,9,9
462,59,10,21,2.36,,-80.9306649,145.983561,3,11,3,3,3,11,11
463,65,18,16,5,,48.90056319,-119.9976339,5,5,5,5,5,5,5
464,70,18,25,2.8,,11.60752996,123.4966068,4,11,4,4,4,11,11
465,42,17,17,2.520526316,,52.26859112,170.2396354,5,7,5,4,4,7,7
466,31,19,13,2.384615385,,51.5425953,58.40228802,4,5,4,4,5,5,5
467,20,14,18,2.134088134,,1.905288962,-25.69177435,5,3,5,5,5,3,3
468,21,12,24,1.352941176,,68.06055541,89.36826383,5,6,5,5,5,6,6
469,70,17,22,5.384615385,,46.02306042,-126.7047331,5,5,5,5,5,5,5
470,17,14,23,1.101863354,,81.95061819,36.56548224,5,6,5,5,5,6,6
471,66,16,11,2.440613027,,79.62108402,-83.23600285,4,12,4,5,5,12,12
472,62,13,16,3.262095136,,-53.61116244,69.3519416,4,8,4,4,4,8,8
473,82,16,13,3.28,,30.77398609,-162.5923455,5,11,5,5,5,11,11
474,90,19,20,3.887100103,,-18.65481337,-22.45608752,4,10,4,4,4,10,10
475,73,12,18,5.615384615,,-36.22862303,-132.0852771,3,5,3,3,3,5,5
476,50,10,17,3.846153846,,83.23601524,164.2275954,4,5,4,5,5,5,5
477,99,20,19,3.96,,33.51806325,-127.3255018,5,11,5,5,5,11,11
478,94,17,25,4.4592503,,51.2565805,-47.97818975,4,9,4,4,4,9,9
479,43,19,12,3.307692308,,-87.21210269,117.9678188,3,5,3,3,3,5,5
480,51,13,25,1.877560664,,-28.6482765,74.20596453,4,12,4,4,4,12,12
481,26,15,16,2,,24.76406835,-83.29782761,5,5,5,5,5,5,5
482,73,12,17,3.161708619,,-12.88212147,81.02988567,4,10,4,4,4,10,10
483,27,12,11,2.076923077,,-89.15634253,-55.78768038,3,5,3,3,3,5,5
484,26,10,12,2.313908314,,11.67958032,43.11554935,4,4,4,4,4,4,4
485,51,11,19,3.923076923,,22.12327768,178.7103517,5,5,5,5,5,5,5
486,17,12,20,0.68,,20.02813321,-156.270101,3,11,3,3,3,11,11
487,50,11,21,2,,-37.95871343,-19.15597162,4,11,4,4,4,11,11
488,25,11,17,1.618163055,,77.9565827,77.73015142,5,6,5,5,5,6,6
489,28,10,18,1.12,,-31.51347291,39.95072016,4,11,4,4,4,11,11
490,80,18,24,6.153846154,,41.89951675,154.8376709,5,5,5,5,5,5,5
491,97,12,12,4.588823722,,-4.038855372,96.5573977,4,9,4,4,4,9,9
492,25,15,10,1,,-52.36841273,156.2755379,3,11,3,3,3,11,11
493,31,20,18,1.24,,40.27615185,-107.5588728,5,11,5,5,5,11,11
494,38,12,24,2.923076923,,-54.88805041,122.7446955,3,5,3,3,3,5,5
495,92,10,13,3.68,,-35.74476953,-93.81227875,3,11,3,3,3,11,11
496,92,17,12,4.349240044,,-16.81455362,-42.75363842,5,9,5,5,5,9,9
497,17,17,24,1.511709402,,26.57983154,-95.27343107,5,4,5,5,5,4,4
498,81,17,10,6.230769231,,2.115452869,-112.9751727,3,5,3,5,5,5,5
499,93,20,16,3.72,,62.13291613,68.37971687,5,11,5,4,4,11,11
500,58,18,11,3.386554622,,-67.05429585,41.5937279,3,7,4,4,4,7,7
501,33,19,15,2.538461538,,30.68470425,148.7579923,4,5,4,4,4,5,5
502,45,12,12,2.954168029,,41.11335003,79.4528515,4,6,4,5,5,6,6
503,88,18,11,6.769230769,,29.11618006,53.57176363,4,5,4,4,4,5,5
504,87,14,21,3.48,,48.21475532,102.4087131,5,11,5,5,5,11,11
505,27,14,20,1.765217391,,-56.88491164,113.8446036,3,6,3,3,3,6,6
506,43,19,17,2.846351172,,83.2418906,-37.91886183,5,6,5,5,5,6,6
507,35,14,25,2.692307692,,77.29742086,119.1722005,4,5,4,4,5,5,5
508,60,14,18,2.27,,6.248536884,-35.92293366,5,12,5,5,5,12,12
509,27,10,21,1.542540494,,68.86011509,-84.05642101,5,7,5,5,5,7,7
510,25,19,15,1.923076923,,66.82886118,-61.60688798,5,5,5,5,5,5,5
511,25,16,16,1.19047619,,-29.30182269,165.2621027,3,9,3,3,3,9,9
512,48,16,24,3.692307692,,-82.94168334,29.76207691,3,5,3,3,3,5,5
513,86,10,17,5.032114814,,-21.761873,-62.45365144,4,7,4,4,4,7,7
514,63,16,10,2.52,,-59.57223359,-21.12629735,3,11,3,3,3,11,11
515,42,15,25,3.230769231,,-87.8205952,-71.26374866,3,5,3,3,3,5,5
516,14,10,16,1.076923077,,67.68199757,-68.87388189,4,5,5,5,4,5,5
517,15,13,19,1.587301587,,-42.03047868,12.73629023,4,3,4,4,4,3,3
518,78,14,19,4.063037389,,71.38802994,-80.321218,5,8,5,5,5,8,8
519,78,15,24,6,,82.0622282,85.02622215,4,5,4,4,5,5,5
520,33,12,19,1.32,,-35.19968087,-174.9025737,3,11,3,3,3,11,11
521,57,13,13,2.084814815,,82.27934345,-77.75901129,5,12,5,5,5,12,12
522,79,11,21,6.076923077,,-55.62249742,-134.1082889,3,5,3,3,3,5,5
523,81,14,23,4.229398304,,-88.72815993,153.9325082,3,8,3,3,3,8,8
524,13,16,20,0.52,,49.94659006,-66.1702374,4,11,4,4,4,11,11
525,17,18,25,0.68,,83.51515199,-85.82877819,5,11,5,5,5,11,11
526,95,11,12,3.249706258,,-53.87325149,-76.58565405,3,13,3,3,4,13,13
527,11,13,12,0.675217391,,-59.67709635,-86.78788514,3,6,3,3,3,6,6
528,48,20,14,3.692307692,,-16.38279304,-137.5056851,3,5,3,3,3,5,5
529,98,20,21,4.651080258,,83.9494672,128.3718087,5,9,5,5,5,9,9
530,47,18,15,1.88,,-0.318774622,45.2195533,4,11,4,4,4,11,11
531,27,11,15,2.076923077,,-13.39213285,-146.7824192,3,5,3,3,3,5,5
532,77,20,10,5.923076923,,-73.77388988,128.995768,3,5,3,3,3,5,5
533,94,15,10,3.76,,-48.42409835,-82.30641079,4,11,4,3,4,11,11
534,62,17,24,4.115288221,,20.60246086,-158.8240362,5,6,5,5,5,6,6
535,40,11,10,3.606060606,,8.332654244,-93.08930356,4,4,4,5,4,4,4
536,56,11,11,3.236219705,,-17.68845716,-74.81208986,4,7,4,3,4,7,7
537,47,20,14,1.88,,-61.65116575,116.5068679,3,11,3,3,3,11,11
538,54,20,17,4.153846154,,-75.30398789,16.67635739,3,5,3,3,4,5,5
539,56,19,24,4.307692308,,-42.24331521,-57.57037297,4,5,4,4,4,5,5
540,83,17,20,3.94935164,,36.89657953,179.5211111,5,9,5,5,5,9,9
541,30,13,20,1.2,,70.41458538,21.41787759,5,11,5,5,5,11,11
542,21,16,23,0.84,,-86.24438523,-1.392907668,3,11,3,3,3,11,11
543,51,13,24,2.04,,-42.5112645,-151.3080793,3,11,3,3,3,11,11
544,14,20,20,1.272727273,,84.71519118,176.842382,5,4,5,5,5,4,4
545,23,20,21,2.538461538,,48.5349346,-163.156518,4,3,4,5,4,3,3
546,92,13,22,4.35985488,,79.54335966,48.88728344,4,9,4,5,5,9,9
547,38,10,17,2.923076923,,-41.2219479,140.3340645,3,5,3,3,3,5,5
548,51,20,21,3.923076923,,-70.2021263,-169.7408024,3,5,3,3,3,5,5
549,94,13,14,3.76,,-26.91425433,-144.4673456,3,11,3,3,3,11,11
550,18,13,10,1.384615385,,2.598231955,-127.0382168,5,5,5,5,5,5,5
551,25,20,23,1.612590299,,-36.37908088,122.9932567,3,6,3,3,3,6,6
552,65,10,15,5,,-88.8352357,-126.9519365,4,5,4,3,4,5,5
553,75,18,17,4.374080983,,-2.600299255,100.7834215,4,7,4,4,3,7,7
554,67,15,24,2.287931034,,-83.72401395,-161.1895752,3,13,3,3,3,13,13
555,68,12,20,2.72,,-48.27738558,117.4228528,4,11,3,3,3,11,11
556,29,13,20,2.585858586,,34.55142311,-45.32838162,5,4,5,5,5,4,4
557,42,20,22,3.230769231,,-29.87937613,-92.39572602,4,5,4,4,4,5,5
558,57,13,11,2.456583851,,23.1500515,-69.32071198,5,10,5,5,5,10,11
559,41,18,11,1.64,,49.1780586,-105.7996672,5,11,5,5,5,11,11
560,11,17,22,1,,-26.72603499,140.0889444,3,4,3,3,3,3,4
561,80,18,23,6.153846154,,-57.97388352,46.94236446,4,5,4,4,4,5,5
562,71,13,19,3.097173817,,-50.05187073,82.08338964,4,10,4,4,4,10,10
563,12,14,16,0.48,,-45.29271149,143.3408363,3,11,3,3,3,11,11
564,97,11,25,3.397407407,,58.8353967,102.4531862,4,13,4,4,4,13,13
565,45,10,21,2.61512605,,-4.295300728,-156.5086665,3,7,3,3,3,7,7
566,18,18,14,1.585858586,,46.37073891,7.547384648,5,4,5,4,5,4,4
567,18,12,20,1.384615385,,-35.29552895,105.2638868,4,5,4,3,4,5,5
568,33,11,20,2.538461538,,-12.61152556,-131.3913756,5,5,5,5,3,5,5
569,53,11,19,3.476190476,,-77.98992056,-125.5082313,3,6,3,3,3,6,6
570,72,20,20,5.538461538,,-86.86188735,101.5909386,3,5,3,3,3,5,5
571,71,10,16,2.84,,38.68066002,116.6207279,4,11,4,4,4,11,11
572,90,20,15,4.720021089,,16.22573216,112.0536303,5,8,5,4,5,8,8
573,13,12,20,1.376623377,,77.76609653,-92.02767045,5,3,5,5,5,3,3
574,24,16,25,2.111111111,,-10.98517545,-173.5585394,3,4,3,3,3,4,4
575,82,12,14,2.813703704,,82.70476175,-134.694118,5,13,5,5,5,13,13
576,76,13,21,5.846153846,,57.883892,-122.1146637,5,5,5,5,5,5,5
577,28,13,11,1.861919505,,-15.79497139,3.432006708,4,6,4,4,4,6,6
578,40,14,19,2.601002506,,51.42627658,-134.9951443,5,6,5,5,5,6,6
579,63,16,17,4.846153846,,-9.065585625,-175.1803215,3,5,3,3,3,5,5
580,83,15,24,3.32,,-81.29770407,52.39165807,4,11,4,4,4,11,11
581,86,18,11,4.074214885,,3.593768612,164.067508,5,9,5,4,5,9,9
582,95,12,19,7.307692308,,5.681203873,143.5573014,5,5,3,4,5,5,5
583,74,11,19,2.96,,-53.8059245,168.3293459,3,11,3,3,3,11,11
584,63,16,20,3.278579954,,87.95403351,152.8523245,5,8,5,5,5,8,8
585,29,11,10,1.16,,47.26045287,152.2770241,4,11,4,4,4,11,11
586,91,14,21,7,,84.0011281,-57.11144936,5,5,5,5,5,5,5
587,68,15,13,2.922632669,,87.41684896,-147.0587825,5,10,5,5,5,10,10
588,17,12,12,0.68,,13.78594269,-106.4257551,4,11,5,5,4,11,11
589,39,20,15,1.56,,-11.01087665,162.0441144,3,11,3,3,3,11,11
590,27,12,14,0.986117497,,-27.07800551,78.31230033,4,12,4,4,4,11,12
591,63,14,24,3.277345538,,-71.05693494,-70.4244749,3,8,3,3,3,8,8
592,90,12,23,3.6,,21.59051201,23.33628565,4,11,4,4,4,11,11
593,91,13,18,7,,-1.707969256,-127.2386565,3,5,3,3,3,5,5
594,68,13,22,3.976725638,,-66.4539415,22.46015776,4,7,4,4,4,7,7
595,16,13,12,0.64,,87.34364894,-48.5799199,5,11,5,5,5,11,11
596,80,14,22,6.153846154,,-27.75992751,-62.03376412,4,5,4,4,4,5,5
597,69,14,11,2.76,,2.740494585,-74.41693204,5,11,5,5,5,11,11
598,34,10,15,2.239215686,,-3.02577178,15.23693951,4,6,4,4,4,6,6
599,66,15,23,2.831909633,,-35.52886611,-106.1043729,3,10,3,3,3,10,10
600,77,18,21,3.08,,28.96155553,-60.71912317,5,11,5,5,5,11,11
601,39,11,12,3,,-40.91083453,120.4898833,3,5,3,3,3,5,5
602,77,19,15,5.140241781,,-27.38434417,70.29973372,4,6,4,4,4,6,6
603,57,17,19,4.384615385,,24.36432494,15.05558934,4,5,4,4,4,5,5
604,43,11,16,1.72,,-68.84464183,32.14089441,3,11,3,3,4,11,11
605,68,12,10,5.230769231,,-36.07009537,-7.798691286,4,5,4,4,4,5,5
606,93,14,20,3.433461047,,51.95872991,-95.18269246,5,12,5,5,5,12,12
607,63,10,14,2.961997064,,-83.07056727,-123.1210612,3,9,3,3,3,9,9
608,60,10,16,4.615384615,,49.66235898,176.0286207,5,5,5,5,5,5,5
609,43,14,22,2.866666667,,-45.27028798,-121.7229052,3,6,3,3,3,6,6
610,74,16,20,2.96,,84.6807493,-152.9883342,5,11,5,5,5,11,11
611,35,10,16,2.283709273,,-23.10568595,170.1590228,3,6,3,3,3,6,6
612,50,14,17,3.846153846,,57.25853688,-151.2982077,5,5,5,5,5,5,5
613,41,15,23,2.386693075,,-1.166004117,174.692352,3,7,3,3,3,7,7
614,28,10,19,2.153846154,,18.41386509,123.3450197,4,5,4,4,5,5,5
615,69,15,15,2.532413793,,18.86044395,38.68780728,4,12,4,4,4,12,12
616,31,20,15,2.028571429,,86.97568296,-7.753943167,4,6,5,4,4,6,6
617,40,13,20,3.58041958,,87.55929431,-8.844719257,5,4,5,5,5,4,4
618,49,16,10,3.252012384,,14.15691303,46.54117163,4,6,4,4,4,6,6
619,35,10,20,1.4,,-35.73588275,-28.3070888,4,11,4,4,4,11,11
620,14,12,23,1.076923077,,-8.2516636,83.56472905,4,5,4,4,4,5,5
621,75,13,21,3.908347531,,-61.92449968,-28.89321956,3,8,3,4,3,8,8
622,36,19,16,3.222222222,,67.78512223,27.8048815,5,4,5,5,5,4,4
623,18,17,13,0.72,,-45.75152318,32.62111622,4,11,4,4,4,11,11
624,57,20,21,4.384615385,,-82.64312275,86.24871039,3,5,3,3,3,5,5
625,17,14,24,0.68,,27.08372064,87.44544876,4,11,4,4,4,11,11
626,87,12,11,3.48,,-52.92673266,102.4406741,3,11,3,3,3,11,11
627,89,15,13,4.711144806,,-86.81151982,-163.4724402,3,8,3,3,3,8,9
628,74,10,18,5.692307692,,53.67323993,-110.3966421,5,5,5,5,5,5,5
629,88,15,22,3.016206897,,82.67199763,26.4830096,5,13,5,5,5,13,13
630,55,10,11,2.613104372,,85.93378323,-174.6351702,5,9,5,5,5,9,11
631,70,19,25,5.384615385,,-84.13816726,86.72878987,3,5,3,3,3,5,5
632,43,17,19,1.72,,-74.22084532,51.92288308,3,11,3,3,3,11,11
633,92,18,11,4.882256729,,-38.5367326,87.45168604,4,8,4,4,4,8,8
634,46,10,24,3.538461538,,-7.173796967,-83.49895354,5,5,5,5,5,5,5
635,48,10,20,1.92,,-21.2170828,-101.9428561,3,11,3,3,3,11,11
636,84,13,15,6.461538462,,-80.62766855,39.92752794,4,5,4,3,4,5,5
637,90,10,22,3.6,,16.46517018,106.4591337,4,11,4,4,4,11,11
638,35,15,22,2.326610644,,32.0142137,-114.4935267,5,6,5,5,5,6,6
639,30,14,17,1.971929825,,-68.93846806,-114.9406144,3,6,3,3,3,6,6
640,88,14,17,6.769230769,,41.10773888,61.12465631,4,5,4,4,4,5,5
641,93,14,13,5.464483459,,34.91757363,3.277160482,4,7,4,4,4,7,7
642,54,19,12,2.16,,62.09495526,72.26380668,5,11,5,4,5,11,11
643,95,14,15,3.8,,-79.07728305,19.70072944,3,11,3,3,3,11,11
644,80,18,22,6.153846154,,11.23122876,11.60741185,4,5,4,4,4,5,5
645,43,13,11,2.544586466,,35.99827789,100.4089398,5,7,5,5,5,7,7
646,70,10,20,3.670142043,,55.45948627,98.92677292,5,8,5,5,5,8,8
647,57,12,21,4.384615385,,42.56286086,-21.1914454,4,5,4,4,4,5,5
648,62,16,24,2.48,,15.78030684,-139.0959511,3,11,3,3,3,11,11
649,20,18,13,1.538461538,,11.45115459,-112.3870672,5,5,5,5,5,5,5
650,69,10,24,3.275217455,,-3.639650986,93.74001313,4,9,4,4,4,9,9
651,85,13,18,3.4,,-82.9726661,171.1017882,3,11,3,3,3,11,11
652,73,16,19,5.615384615,,-64.98634384,-177.8107576,3,5,3,3,3,5,5
653,72,18,22,3.755714093,,35.94212128,138.6026736,5,8,5,4,5,8,8
654,62,11,13,4.769230769,,-77.35295185,-33.60213361,3,5,3,3,3,5,5
655,63,11,21,2.52,,-45.73934994,-144.853428,3,11,3,3,3,11,11
656,39,11,16,1.818171964,,-49.95173688,-171.3267513,3,9,3,3,3,9,9
657,10,10,16,0.4,,29.90498366,-57.05448506,5,11,5,5,5,11,11
658,29,17,18,2.230769231,,52.28296459,8.407773505,4,5,4,4,4,5,5
659,83,10,11,4.357466492,,-19.10295277,-80.67963478,5,8,4,3,4,8,8
660,55,15,17,4.230769231,,-5.784773489,76.75515069,4,5,4,4,4,5,5
661,49,11,14,1.96,,-29.69481477,105.3891304,3,11,3,3,3,11,11
662,56,11,17,2.24,,30.96550013,-114.0993592,5,11,5,5,5,11,11
663,29,15,11,2.576534577,,-59.04961608,151.2414533,3,4,3,3,3,4,4
664,18,13,22,1.384615385,,-10.64101467,157.5435046,3,5,3,3,3,5,5
665,85,18,16,4.041534719,,-5.566140913,-148.6103237,3,9,3,3,3,9,9
666,81,15,10,6.230769231,,65.8782795,-26.08428836,5,5,5,5,5,5,5
667,59,17,24,2.36,,-1.008910136,-102.0917859,5,11,5,5,5,11,11
668,91,18,25,3.64,,51.05699088,33.49351464,4,11,4,4,4,11,11
669,26,14,12,2.332222222,,33.34115145,27.94616064,4,4,4,4,4,4,4
670,49,20,22,3.203744656,,-15.28600866,-137.1248532,3,6,3,3,3,6,6
671,99,15,17,7.615384615,,71.6544261,-131.8378741,5,5,5,5,5,5,5
672,56,19,22,3.742758367,,54.40166639,37.27003765,4,6,4,4,4,6,6
673,16,16,14,0.64,,-62.53489862,53.16366154,4,11,4,4,3,11,11
674,95,20,11,5.559762578,,49.27753331,20.35810214,4,7,4,4,4,7,7
675,47,16,12,1.88,,-4.606986434,56.19466811,4,11,4,4,4,11,11
676,80,13,16,6.153846154,,50.33330002,43.37004818,4,5,4,4,4,5,5
677,77,15,25,3.08,,-11.83195343,-124.4569502,5,11,5,3,3,11,11
678,44,17,13,2.932773109,,82.66281644,-2.775208974,5,6,5,5,5,6,6
679,45,10,13,1.8,,-38.12890086,-47.23015023,4,11,4,3,4,11,11
680,48,14,19,3.692307692,,31.48071577,89.20202452,4,5,4,4,4,5,5
681,54,17,25,2.571428571,,-28.33849651,-179.2767453,3,9,3,3,3,9,11
682,73,19,19,5.615384615,,-28.25757163,-174.0514298,3,5,3,3,3,5,5
683,13,18,11,0.52,,-4.040325868,115.3058047,5,11,5,3,3,11,11
684,10,19,10,0.4,,-2.02408813,69.12634223,4,11,4,4,4,11,11
685,99,10,12,3.96,,8.962459728,-87.38501909,5,11,5,5,5,11,11
686,90,10,25,5.271443314,,-61.60586681,-157.0219243,3,7,3,3,3,7,7
687,89,20,18,6.846153846,,76.64142021,-163.1776146,5,5,5,5,5,5,5
688,35,15,19,1.4,,20.32227858,59.64866556,4,11,4,4,4,11,11
689,87,15,16,4.139621432,,-61.06078294,-113.7310668,3,9,3,3,3,9,9
690,12,13,24,0.48,,-16.35457427,44.87854506,4,11,4,4,4,11,11
691,47,17,20,1.88,,-19.99196661,142.8492637,3,11,3,3,3,11,11
692,74,14,14,5.692307692,,69.38309247,6.188775353,5,5,5,5,5,5,5
693,67,18,11,2.469680715,,79.3920218,173.8620547,5,12,5,5,5,12,12
694,94,15,18,4.463410444,,-63.77908695,-67.27190606,3,9,3,3,3,9,9
695,14,11,20,1.522698413,,-17.14173615,62.13095588,4,3,4,4,4,3,3
696,56,12,22,2.24,,11.44313556,-41.286994,5,11,5,5,5,11,11
697,79,18,14,6.076923077,,78.3911903,158.1758938,5,5,5,5,5,5,5
698,89,12,19,3.56,,81.83226339,152.437719,5,11,5,5,5,11,11
699,17,19,13,1.792539683,,-4.47866537,38.87637538,4,3,4,4,4,3,3
700,39,14,25,2.007017544,,-73.42039491,31.69122539,3,8,3,4,3,8,8
701,11,17,21,1,,-20.48927839,-113.9519953,5,4,5,3,5,4,4
702,70,16,13,3.297220032,,2.799257255,-66.75585816,4,9,4,4,4,9,9
703,57,13,20,4.384615385,,-45.91638693,-117.9090085,3,5,3,3,3,5,5
704,27,11,25,1.08,,-1.643728281,-50.79216454,5,11,5,5,5,11,11
705,26,11,13,2,,10.59184624,145.5610178,4,5,4,4,3,5,5
706,91,17,21,7,,53.70204624,-134.6466082,5,5,5,5,5,5,5
707,70,19,18,4.106884859,,14.43378363,153.8321329,3,7,5,5,3,7,7
708,42,19,10,1.68,,35.54491808,-150.003103,5,11,5,5,5,11,11
709,93,14,11,3.185338442,,-26.84064214,-11.64667396,4,13,4,4,4,13,13
710,39,13,18,2.536576736,,11.33043174,86.78794625,4,6,4,4,4,6,6
711,60,19,10,4.615384615,,-83.89206116,-72.74085673,3,5,3,3,3,5,5
712,68,19,11,3.533425636,,-26.33256795,90.35344191,4,8,4,4,4,8,8
713,51,12,16,2.04,,-46.56619473,-172.4884087,3,11,3,3,3,11,11
714,82,19,24,3.899830138,,78.38911895,158.5483181,5,9,5,5,5,9,9
715,66,10,24,5.076923077,,64.72489103,66.23861767,4,5,4,4,4,5,5
716,18,16,10,0.72,,43.93203343,125.7731754,5,11,5,5,5,11,11
717,49,19,10,3.769230769,,27.23354064,-156.6929744,5,5,5,5,5,5,5
718,69,18,15,2.76,,-87.86743766,-88.42514192,3,11,3,3,3,11,11
719,41,11,25,3.153846154,,78.5130371,11.60929708,5,5,5,5,5,5,5
720,72,12,20,3.419862893,,12.91270657,-49.16195006,4,9,4,5,5,9,9
721,52,20,15,2.08,,63.87541769,-119.6920229,5,11,5,5,5,11,11
722,45,16,18,3.461538462,,13.30766419,-57.7104244,4,5,4,4,4,5,5
723,18,17,18,0.72,,53.35939186,-178.3561641,4,11,4,5,5,11,11
724,55,14,20,3.660975969,,56.52820376,144.5831262,5,6,5,5,5,6,6
725,99,17,12,3.96,,5.412220189,166.2365727,3,11,3,4,3,11,11
726,82,10,23,6.307692308,,-71.57432787,-73.38395467,3,5,3,3,3,5,5
727,88,14,25,4.588041716,,46.83626029,156.7939252,5,8,5,5,5,8,9
728,30,14,13,2.707847708,,-89.22611533,-160.1277425,3,4,3,3,3,4,4
729,98,19,16,3.92,,-21.92168653,150.8197306,3,11,3,3,3,11,11
730,85,15,12,6.538461538,,32.75450003,-139.6582599,4,5,5,5,4,5,5
731,69,20,17,4.052296919,,-23.69810361,-150.4813506,3,7,3,3,3,7,7
732,34,19,13,1.36,,-39.80232834,82.57897282,4,11,4,4,4,11,11
733,29,15,20,1.933333333,,48.24871051,-92.17204112,5,6,5,5,5,6,6
734,59,18,24,4.538461538,,39.9911811,40.30000219,4,5,4,4,4,5,5
735,62,18,14,2.730521893,,82.52665827,-119.0574347,5,10,5,5,5,10,11
736,18,13,18,0.72,,81.46815102,66.46256364,4,11,4,4,4,11,11
737,93,18,24,3.72,,-10.6302156,114.1856955,3,11,4,4,3,11,11
738,80,15,24,6.153846154,,64.6404325,-160.2206814,4,5,4,5,5,5,5
739,36,20,16,2.344419873,,-26.26700559,47.52415573,4,6,4,4,4,6,6
740,96,14,22,5.002367748,,-41.14213741,148.3289812,3,8,3,3,3,8,8
741,52,19,18,1.919948914,,-61.63253636,-26.88606437,3,12,3,3,3,12,11
742,59,11,17,4.538461538,,-63.598623,80.79431012,3,5,3,3,3,5,5
743,19,10,12,0.76,,-19.94401579,-31.92250924,4,11,4,4,4,11,11
744,52,15,11,4,,4.329090377,92.31976269,4,5,4,4,4,5,5
745,30,10,11,1.2,,-3.369816289,18.14004626,4,11,4,4,4,11,11
746,52,14,10,3.446429309,,32.69011045,-85.41030521,5,6,5,5,5,6,6
747,27,14,22,1.08,,79.9840525,103.056562,5,11,5,5,5,11,11
748,98,17,23,3.92,,-42.1947833,-135.4276587,3,11,3,3,3,11,11
749,29,18,19,2.230769231,,12.57995247,155.311684,3,5,3,4,3,5,5
750,59,13,19,2.788137864,,78.00202489,-20.98488171,5,9,5,5,5,9,9
751,14,18,18,1.477633478,,-87.99314067,134.2113396,3,3,3,3,3,3,3
752,93,13,21,7.153846154,,26.07583058,-101.0363667,5,5,5,5,5,5,5
753,35,15,23,2.288721805,,28.3848366,28.95737601,4,6,4,4,4,6,6
754,74,20,12,2.96,,51.24062604,41.88387381,4,11,4,4,4,11,11
755,71,15,14,4.71679198,,-1.979728794,-144.3994863,3,6,3,3,3,6,6
756,23,10,16,2.45021645,,-78.65459136,-39.18541727,3,3,3,3,3,3,3
757,79,13,22,3.16,,78.84548677,104.015104,5,11,5,5,5,11,11
758,58,19,11,4.461538462,,64.14681073,-20.41465107,5,5,5,5,5,5,5
759,94,12,22,5.487944862,,49.3899336,59.5241225,4,7,4,4,4,7,7
760,21,14,24,1.615384615,,-43.0340012,107.0849552,3,5,3,3,3,5,5
761,86,13,20,3.44,,89.2706479,39.28339888,5,11,5,5,5,11,11
762,73,20,25,5.615384615,,26.23442797,-89.17590856,5,5,5,5,5,5,5
763,38,17,23,2.508683473,,-8.129510363,116.1490323,4,6,4,4,4,6,6
764,96,11,19,5.606398349,,10.0678972,-96.42570702,4,7,4,4,4,7,7
765,87,17,14,6.692307692,,51.09255868,72.73042122,4,5,4,4,4,5,5
766,24,10,23,0.96,,-80.0805351,-164.6949903,3,11,3,3,3,11,11
767,52,16,21,2.08,,10.59851178,-70.17507563,4,11,4,4,4,11,11
768,65,16,25,5,,29.14460328,-36.90473668,4,5,4,4,4,5,5
769,13,19,13,0.857142857,,-42.67293937,123.000856,3,6,3,3,3,6,6
770,69,17,15,2.76,,-44.46930179,147.9937332,3,11,3,3,3,11,11
771,21,13,21,1.4,,12.38211282,-68.39535994,5,6,5,4,5,6,6
772,64,16,17,4.259432405,,-68.05574435,-73.35776892,3,6,3,3,3,6,6
773,59,13,15,4.538461538,,85.00165908,123.2481543,5,5,5,5,5,5,5
774,89,12,21,2.855867837,,34.89495248,-30.01446326,4,14,4,4,4,13,14
775,84,10,25,4.395714286,,-82.5785198,159.4558123,3,8,3,3,3,8,8
776,16,18,20,1.731712732,,-35.7067585,80.92525996,3,3,3,4,3,3,3
777,86,20,25,6.615384615,,22.07035083,-57.16245192,5,5,4,5,5,5,5
778,86,15,15,3.44,,-0.22896826,-169.559157,3,11,3,3,3,11,11
779,12,13,15,0.771428571,,-62.6120464,73.72934789,3,6,3,3,4,6,6
780,79,10,22,3.42610875,,-23.44601958,104.3379087,4,10,4,4,4,10,9
781,99,10,19,7.615384615,,26.52264801,-57.73475271,5,5,5,5,5,5,5
782,71,16,20,2.84,,-40.76874204,-169.9868785,3,11,3,3,3,11,11
783,22,19,21,1.411764706,,-85.49388725,63.16098091,3,6,3,4,3,6,6
784,43,14,10,2.831578947,,-63.53646916,179.8364114,3,6,3,3,3,6,6
785,35,10,21,2.692307692,,16.61176764,-162.6631469,5,5,5,3,5,5,5
786,72,11,14,2.88,,32.70156206,14.37919595,4,11,4,4,4,11,11
787,17,20,15,1.123809524,,25.00364619,-122.6660937,5,6,5,5,5,6,6
788,77,20,12,5.923076923,,-42.2557713,-155.5558083,3,5,3,3,3,5,5
789,39,16,13,2.572745098,,16.80935529,3.551856726,4,6,4,4,4,6,6
790,23,14,16,1.477222468,,11.67130935,138.8467106,5,6,3,5,5,6,6
791,72,14,16,4.780510099,,-53.85600203,-155.8097773,3,6,3,3,3,6,6
792,21,10,13,0.84,,-28.09877701,63.41746934,4,11,4,4,4,11,11
793,50,18,16,2,,73.90677546,122.7509489,5,11,5,5,5,11,11
794,87,13,19,6.692307692,,-62.30581997,175.7060803,3,5,3,3,3,5,5
795,70,14,19,4.664032139,,-64.47878954,42.84294884,4,6,4,4,4,6,6
796,93,12,10,3.72,,-64.82980966,163.5836786,3,11,3,3,3,11,11
797,74,18,10,5.692307692,,-48.70208375,-44.36984396,4,5,4,4,4,5,5
798,62,16,11,3.253907146,,-35.86853301,111.2989686,3,8,3,3,3,8,8
799,16,12,24,0.64,,-82.11078489,117.9392588,3,11,3,3,3,11,11
800,87,16,10,3.48,,71.66359953,138.9277294,5,11,5,5,5,11,11
801,89,12,20,6.846153846,,33.35959965,91.91294261,4,5,4,4,4,5,5
802,61,12,10,3.194137518,,78.88209347,173.5308181,5,8,5,5,5,8,8
803,39,15,22,1.56,,62.11480555,125.739519,5,11,5,5,5,11,11
804,66,12,24,5.076923077,,-84.64441495,-125.6700653,3,5,3,3,3,5,5
805,83,14,14,3.94776968,,72.83389713,-179.435809,5,9,5,5,5,9,11
806,30,14,23,1.2,,-86.62385582,150.3603304,3,11,3,3,3,11,11
807,93,13,25,7.153846154,,-14.77591633,128.6717135,4,5,4,4,3,5,5
808,87,18,17,3.48,,-88.62311215,55.64702953,4,11,3,3,4,11,11
809,54,19,12,3.151172048,,-9.172122951,125.9279567,4,7,4,3,3,7,7
810,71,16,17,2.84,,59.99926975,-93.04353606,5,11,5,5,5,11,11
811,93,19,20,4.020110378,,-28.804108,152.9476915,3,10,3,3,3,10,10
812,14,10,25,1.474747475,,2.017936715,122.1692126,4,3,4,4,5,3,3
813,97,17,14,7.461538462,,39.98604264,97.08085258,5,5,5,4,4,5,5
814,59,12,17,2.36,,80.2208771,-178.3466522,5,11,5,5,5,11,11
815,11,18,14,0.733333333,,71.23764134,-62.24013914,5,6,5,5,5,6,6
816,99,14,22,4.702796634,,-66.12805214,81.29299981,4,9,4,4,4,9,9
817,58,15,14,4.461538462,,23.56645459,-145.5641948,5,5,5,5,5,5,5
818,61,16,21,2.44,,-44.60037833,-91.5979058,3,11,3,3,3,11,11
819,82,17,16,6.307692308,,87.91917681,108.4494215,5,5,5,5,5,5,5
820,51,10,19,2.04,,80.98549241,141.6281582,5,11,5,5,5,11,11
821,60,14,17,3.517027864,,79.14742847,157.1763397,5,7,5,5,5,7,7
822,49,16,20,1.96,,-20.47222158,120.0457423,4,11,3,4,3,11,11
823,81,18,17,6.230769231,,-59.36693111,136.0320701,3,5,3,3,3,5,5
824,13,17,12,0.866666667,,88.67206254,-94.17959927,5,6,5,5,5,6,6
825,88,16,25,4.621565423,,-79.80407883,-78.46154459,3,8,3,3,3,8,9
826,34,14,14,1.36,,62.35807202,33.3571833,4,11,4,4,4,11,11
827,67,15,11,2.466206897,,8.79347411,-99.23187831,5,12,5,5,5,12,12
828,17,16,22,1.857142857,,-35.50903387,-130.225231,3,3,3,3,3,3,3
829,85,11,25,6.538461538,,65.32611244,138.5922962,4,5,4,4,4,5,5
830,54,19,18,3.572725932,,60.06487894,97.41036637,5,6,5,5,5,6,6
831,87,15,18,3.48,,48.36969006,15.55036696,5,11,5,4,5,11,11
832,24,12,21,1.578947368,,-88.43122964,0.316251423,3,6,3,3,3,6,6
833,89,12,11,6.846153846,,30.60344863,-89.30928407,5,5,5,5,5,5,5
834,86,13,13,4.057172279,,-2.179950461,11.284417,4,9,4,4,4,9,9
835,74,12,22,2.96,,52.73473491,44.84036119,4,11,5,4,4,11,11
836,16,15,23,1.776666667,,-67.99149046,117.5974363,3,3,3,3,3,3,3
837,45,15,21,3.461538462,,-76.29333489,-86.87291294,3,5,3,3,3,5,5
838,60,12,11,3.976293675,,-44.5518871,35.11516714,4,6,4,4,4,6,6
839,13,16,20,0.52,,-6.501149254,-15.7782979,4,11,4,4,4,11,11
840,23,11,10,2.01010101,,67.96791399,-16.78255208,5,4,4,5,4,4,6
841,71,11,22,2.84,,-4.169010403,-77.90329036,5,11,5,5,5,11,11
842,64,12,17,2.820835913,,14.44799719,-117.4134981,5,10,5,5,5,10,11
843,42,17,15,3.230769231,,67.44066009,-172.2784422,5,5,5,5,5,5,5
844,32,16,19,1.28,,12.06141512,-3.673137514,4,11,4,4,4,11,11
845,97,17,13,7.461538462,,65.27527829,135.8879146,5,5,5,5,5,5,5
846,66,20,17,4.359103641,,-16.27344988,158.8953231,3,6,3,3,3,6,5
847,96,19,20,3.84,,-29.15893901,-122.5354339,3,11,3,3,3,11,11
848,84,17,17,3.626225346,,45.09987252,-24.97532841,5,10,5,5,5,10,11
849,32,19,10,2.877233877,,-5.444694993,161.4077509,3,4,3,3,3,4,4
850,42,18,16,3.230769231,,75.03626419,67.5097197,5,5,5,5,5,5,5
851,11,17,11,0.44,,0.30725448,-119.5157266,5,11,5,5,5,11,11
852,97,13,25,3.88,,-46.08134225,92.27841687,4,11,4,4,4,11,11
853,36,11,15,2.362229102,,-30.8679757,-143.2355817,3,6,3,3,3,6,6
854,37,15,12,2.846153846,,-62.50869901,66.25847649,4,5,4,3,4,5,5
855,74,14,17,3.863245069,,-82.35408392,30.34674462,4,8,4,4,4,8,8
856,19,18,10,2.111111111,,26.92960325,-101.3377364,5,3,5,5,5,3,3
857,93,20,24,7.153846154,,-19.05749543,-91.80868546,5,5,5,5,5,5,5
858,73,20,17,2.92,,72.52499527,-94.07893275,5,11,5,5,5,11,11
859,57,12,14,2.533784461,,-2.932013806,-5.417074858,4,10,4,4,4,10,11
860,26,18,13,2.333333333,,16.32206302,-178.5043701,4,4,4,5,4,4,4
861,44,19,18,1.76,,-18.15254259,56.81929003,4,11,4,4,4,11,11
862,25,18,18,2.243978244,,89.39818703,-77.84518245,5,4,5,5,5,4,4
863,72,16,12,3.422114109,,2.29659282,94.67648514,4,9,4,4,3,9,9
864,74,18,16,2.96,,72.56443543,-56.44040066,5,11,5,5,5,11,11
865,15,13,11,1.333333333,,39.52767613,151.6836509,4,4,4,4,4,4,6
866,28,11,15,2.153846154,,-11.61474247,-24.01200171,4,5,4,4,4,5,5
867,11,12,21,1.561327561,,-32.53135197,68.12885265,4,2,4,4,3,2,2
868,28,20,12,1.82,,-34.61203002,35.79991112,4,6,4,4,4,6,6
869,70,17,18,5.384615385,,-54.87798984,-20.21286265,3,5,3,3,3,5,5
870,56,19,11,2.24,,22.14265497,124.3639426,5,11,5,5,5,11,11
871,76,18,13,3.972804069,,-23.1722723,-48.77194077,4,8,4,4,4,8,8
872,54,12,19,4.153846154,,-70.23066203,-137.3324204,3,5,3,3,3,5,5
873,65,15,16,2.6,,-6.839224704,-9.847083265,4,11,4,4,4,11,11
874,39,13,19,2.563261094,,0.266062238,56.86517806,4,6,4,4,4,6,6
875,53,15,11,4.076923077,,-43.17542509,55.5407942,3,5,3,4,3,5,5
876,89,15,20,4.652799518,,72.72400233,-56.77421273,5,8,5,5,5,8,8
877,23,17,14,0.92,,47.45973872,-66.6209494,5,11,5,5,5,11,11
878,65,17,16,2.6,,-23.73309227,50.41658587,4,11,4,4,4,11,11
879,35,12,25,2.692307692,,39.61804115,89.38613691,5,5,5,5,5,5,5
880,63,17,17,4.846153846,,-67.43245539,-162.5090359,3,5,3,3,3,5,5
881,49,10,16,2.333333333,,31.97633326,127.1423934,5,9,4,5,5,9,11
882,58,16,22,2.32,,8.917447407,-60.49031793,4,11,4,4,4,11,11
883,60,10,24,3.126717048,,-7.589975344,-171.768531,3,8,3,3,3,8,8
884,11,10,19,0.44,,-21.52349328,-62.04988184,4,11,4,3,3,11,11
885,57,15,22,4.384615385,,51.23078919,117.4064109,5,5,5,4,4,5,5
886,40,12,20,1.6,,62.35373356,154.1643585,5,11,5,5,5,11,11
887,40,19,18,1.6,,-81.69766772,62.4699123,3,11,3,3,3,11,11
888,46,15,18,3.538461538,,74.59571522,51.20939621,5,5,5,5,5,5,5
889,82,20,24,4.306806659,,-25.57961991,61.73511792,4,8,4,4,4,8,8
890,75,11,18,3,,27.41217273,37.29961183,4,11,4,4,4,11,11
891,10,11,23,1.03030303,,-32.30306278,0.61730335,4,3,4,4,4,3,3
892,83,10,14,6.384615385,,-65.75251255,173.654756,3,5,3,3,3,5,5
893,79,14,18,5.25392894,,-53.384472,148.9747119,3,6,3,3,3,6,6
894,67,19,15,2.68,,-55.60772982,-83.951883,3,11,3,3,3,11,11
895,97,11,13,4.613799204,,42.59054007,131.0343522,5,9,5,5,5,9,9
896,17,16,17,2.343766234,,-4.747074166,141.2448598,3,2,3,4,3,2,2
897,67,15,16,5.153846154,,-84.5768203,176.2133921,3,5,3,3,3,5,5
898,85,20,20,3.4,,-25.38270441,-156.5544274,3,11,3,3,3,11,11
899,95,16,20,7.307692308,,6.258838595,131.0665305,3,5,3,4,3,5,5
900,59,10,15,3.057172279,,16.41303884,-97.60067909,5,8,5,5,5,8,8
901,36,18,18,1.44,,27.03995492,-77.55748038,5,11,5,5,5,11,11
902,30,15,12,1.2,,74.75338639,147.8450773,5,11,5,5,5,11,11
903,56,10,24,3.262568185,,8.850389727,51.21376585,4,7,4,4,4,7,7
904,46,19,14,3.538461538,,-62.84961594,-23.14472548,3,5,3,3,3,5,5
905,27,10,23,1,,-77.46266149,126.6663889,3,12,3,3,3,12,12
906,67,19,16,5.153846154,,77.97272771,-34.43668925,5,5,5,5,5,5,5
907,91,18,21,3.64,,-0.220367309,106.81525,4,11,4,4,4,11,11
908,47,17,12,3.123415893,,48.02329507,-152.7156489,5,6,5,5,5,6,6
909,11,20,25,0.733333333,,-85.04812706,125.2645271,3,6,3,3,3,6,6
910,66,14,20,3.431077694,,-20.2180915,-33.88025685,5,8,5,5,5,8,7
911,87,18,16,6.692307692,,-83.5586702,-156.3508449,3,5,3,3,3,5,5
912,100,15,16,4,,77.76014396,87.53845578,5,11,5,5,5,11,11
913,17,18,10,1.08254902,,-30.22338807,-83.73792495,3,6,5,3,3,6,6
914,28,19,12,1.819047619,,24.75701297,4.36016102,4,6,4,4,4,6,6
915,66,15,11,5.076923077,,-7.045631792,64.98994964,4,5,4,4,4,5,5
916,44,10,15,2.880897833,,87.26453881,-164.5289209,5,6,5,5,5,6,6
917,45,19,11,2.635854342,,-49.02869075,123.1538236,3,7,3,3,3,7,7
918,50,15,15,3.846153846,,19.25877506,24.31888223,4,5,4,4,4,5,5
919,89,13,24,3.56,,63.52269801,-86.63796733,5,11,5,5,5,11,11
920,84,13,19,3.960243255,,21.88207259,-43.56106022,4,9,4,4,4,9,9
921,21,18,13,2.325563326,,56.60260205,10.75330834,5,3,5,5,5,3,3
922,19,14,24,2.04040404,,-61.33301188,-112.2644781,3,3,3,3,3,3,3
923,90,19,23,3.6,,6.587381569,102.7338119,4,11,4,4,4,11,11
924,38,12,24,2.923076923,,-32.15500041,-23.44459004,4,5,4,4,4,5,5
925,44,13,20,2.569088899,,9.39148637,27.51271544,4,7,4,4,4,7,7
926,40,14,11,3.076923077,,44.89830211,-124.5084271,5,5,5,5,5,5,5
927,74,15,12,5.692307692,,13.4223516,-3.231021032,4,5,4,4,4,5,5
928,44,19,11,2.88320802,,-70.08312104,-148.1533422,3,6,3,3,3,6,6
929,17,16,21,0.68,,72.26928295,80.35086764,5,11,5,5,5,11,11
930,78,16,24,3.12,,82.13850277,144.0114701,5,11,5,5,5,11,11
931,91,15,12,3.919254658,,89.70680614,-117.3206004,5,10,5,5,5,10,11
932,50,11,19,3.846153846,,-69.97073293,57.07548899,3,5,3,3,3,5,5
933,35,14,20,1.4,,-15.7703811,-69.81233056,5,11,5,5,5,11,11
934,76,17,18,5.846153846,,68.91686896,-38.79854577,5,5,5,5,5,5,5
935,84,17,21,3.36,,12.58555645,110.4823707,4,11,4,4,4,11,11
936,11,11,10,0.741578947,,-71.46878358,94.52924567,3,6,3,3,3,6,6
937,17,20,19,1.133333333,,-50.27776182,-2.932880766,3,6,3,4,3,6,6
938,17,17,21,1.097478992,,89.67236377,-118.012647,5,6,5,5,5,6,6
939,88,12,23,4.158337019,,-78.4685963,-47.9854408,3,9,3,3,3,9,9
940,12,15,14,1.273504274,,20.33182064,138.8737089,4,3,4,4,5,3,3
941,91,10,24,3.64,,-83.68644231,-45.4275465,3,11,3,3,3,11,11
942,93,19,24,7.153846154,,-31.85438169,-145.7034471,3,5,3,3,3,5,5
943,96,14,25,5.036149197,,-24.16289785,-120.0787828,3,8,3,3,3,8,8
944,56,20,19,4.307692308,,-30.59988218,-83.98508676,4,5,4,4,4,5,5
945,18,12,23,0.72,,63.79523709,-134.1244004,5,11,5,5,5,11,11
946,88,13,19,3.52,,-81.93828612,-133.9050912,3,11,3,3,3,11,11
947,68,13,23,3.214761905,,-74.137199,38.13847329,4,9,4,4,4,9,11
948,20,20,14,2.21989122,,-42.97278273,88.51054157,4,3,4,4,4,3,3
949,100,19,10,7.692307692,,28.81738163,-112.0977696,5,5,5,5,5,5,5
950,20,20,17,0.8,,-26.38051705,48.6174267,4,11,4,4,4,11,11
951,46,19,25,2.669910069,,35.07805696,62.1978543,4,7,4,4,4,7,7
952,42,10,15,1.68,,66.6458767,73.07891911,5,11,5,5,5,11,11
953,51,19,17,3.358307534,,72.29953339,-64.69721672,5,6,5,5,5,6,6
954,19,14,19,0.76,,32.36663195,-162.8958715,5,11,5,5,5,11,11
955,92,11,21,3.68,,-16.17516867,136.0064556,3,11,3,4,3,11,11
956,96,19,10,7.384615385,,80.62208157,121.3759795,5,5,5,5,5,5,5
957,15,12,25,0.976666667,,-20.4227614,81.84838425,4,6,4,4,4,6,6
958,63,17,10,4.152351467,,-29.19536787,-82.55039582,3,6,3,3,3,6,6
959,76,15,21,5.846153846,,-49.21966287,-169.4323135,3,5,3,3,3,5,5
960,44,16,18,1.76,,57.70272648,-23.5533892,5,11,5,5,5,11,11
961,64,16,10,4.251835471,,-40.1108041,-104.6234142,3,6,3,3,3,6,6
962,71,16,15,2.84,,75.80835117,-76.45560913,5,11,5,5,5,11,11
963,24,10,25,1.53433584,,-0.549755217,-76.81429895,4,6,4,4,4,6,6
964,45,12,13,3.461538462,,61.8960745,-163.1978037,5,5,5,5,5,5,5
965,59,16,25,2.807518797,,-1.745855483,-7.063615093,4,9,4,4,4,9,9
966,12,19,10,0.48,,44.3273897,83.49971993,4,11,4,4,5,11,11
967,74,10,21,5.692307692,,-19.23725625,14.28809923,4,5,4,4,4,5,5
968,92,17,11,3.383703704,,-80.88476279,11.05729444,3,12,3,3,3,12,12
969,44,13,18,2.282972136,,-24.10705629,35.24251857,4,8,4,4,4,8,8
970,75,10,17,4.394309303,,-4.611520874,-45.7701703,5,7,5,4,4,7,7
971,17,19,21,1.887777778,,-82.9150499,-159.1456302,3,3,3,3,3,3,3
972,81,14,11,2.773333333,,-71.71588737,-174.4842,3,13,3,3,3,13,12
973,55,19,19,4.230769231,,71.20702135,-43.77291478,5,5,5,5,5,5,5
974,28,12,13,1.842105263,,-5.969125096,-60.73454782,4,6,4,4,4,6,6
975,100,18,17,7.692307692,,-53.5222906,-112.1556123,3,5,3,3,3,5,5
976,58,13,20,2.718679051,,68.02138467,-163.5416532,5,9,5,5,5,9,9
977,20,10,22,0.8,,-82.30622853,77.10508537,3,11,3,3,3,11,11
978,96,12,25,3.84,,-74.78538121,87.55929961,3,11,3,3,3,11,11
979,50,10,11,3.332773109,,-85.78542875,-96.61941861,3,6,3,3,3,6,6
980,23,18,25,2.060606061,,-25.76986785,-86.2041838,5,4,5,4,4,4,4
981,47,13,24,2.228571429,,59.39914746,164.9813015,5,9,5,5,5,9,11
982,42,16,12,3.230769231,,-10.72536716,136.833841,3,5,3,3,3,5,5
983,92,14,16,3.68,,-3.748231191,-34.24613257,4,11,4,5,4,11,11
984,100,13,18,4.757924222,,-79.2355585,127.9986474,3,9,3,3,3,9,9
985,48,18,21,3.692307692,,-3.040791161,-171.3911984,3,5,3,3,3,5,5
986,14,15,11,1.555555556,,3.896849071,-61.84998806,5,3,5,5,5,3,3
987,53,19,24,4.076923077,,-21.49254111,152.7482406,3,5,3,3,3,5,5
988,55,20,25,2.2,,80.64374828,-122.5931527,4,11,5,5,4,11,11
989,67,13,16,4.450685537,,53.67161527,19.17125772,4,6,4,4,4,6,6
990,66,18,25,5.076923077,,-70.31572842,54.85321753,4,5,4,4,4,5,5
991,30,13,15,1.2,,-15.99979485,109.2818766,4,11,4,3,3,11,11
992,38,19,18,2.531052632,,-47.57054364,-39.21486152,5,6,4,4,5,6,6
993,64,18,12,2.56,,85.70257428,-9.473492231,5,11,5,5,5,11,11
994,47,20,19,3.615384615,,50.52278449,105.8745981,4,5,4,4,5,5,5
995,17,18,20,1.133333333,,36.89957836,87.97556953,4,6,4,4,4,6,6
996,76,10,11,5.846153846,,50.42213765,51.77126537,4,5,4,4,4,5,5
997,23,12,11,1.172932331,,79.97963977,114.6295022,5,8,5,5,5,8,8
998,100,10,17,4,,19.63795611,19.5313133,4,11,4,4,4,11,11
999,71,14,13,3.057190226,,79.1902628,-141.4329254,5,10,5,5,5,10,10
1000,32,19,10,2.461538462,,-8.675622926,-3.863171455,4,5,4,4,4,5,5
1001,54,17,24,2.88254902,,-4.562305653,-89.74410403,5,8,5,4,4,8,8
1002,34,15,11,3.042735043,,35.87408715,107.5151523,5,4,5,5,5,4,4
1003,62,15,23,2.48,,86.13035929,88.38273299,5,11,5,5,5,11,11
1004,61,14,20,4.065192393,,-19.03273926,45.2943797,4,6,4,4,4,6,6
1005,49,18,23,3.769230769,,-88.41847784,-83.23681118,3,5,3,3,3,5,5
1006,95,12,18,3.272899106,,-5.78156372,-87.58394229,5,13,5,5,5,13,13
1007,20,13,18,1.538461538,,-31.22034069,140.0997577,3,5,3,3,3,5,5
1008,81,18,17,3.833996757,,-84.09527974,-154.6325593,3,9,3,3,3,9,9
1009,13,10,17,1.181818182,,-5.404791214,-99.84654014,5,4,5,5,5,4,6
1010,40,17,10,3.076923077,,-50.53078899,44.36190697,4,5,4,4,4,5,5
1011,18,11,13,1.598290598,,62.25419844,-82.83659216,5,4,5,5,5,4,4
1012,55,12,17,1.863346105,,-5.969240597,-130.9703576,3,13,3,3,3,13,13
1013,47,10,24,3.615384615,,-30.91301368,40.63453927,4,5,4,4,4,5,5
1014,28,16,25,1.847058824,,41.23174166,-39.14260624,5,6,4,5,5,6,6
1015,98,18,19,7.538461538,,-17.92476553,121.4706849,3,5,4,4,3,5,5
1016,80,14,21,3.448795903,,57.16539213,-65.33318226,5,10,5,5,5,10,10
1017,38,13,25,1.52,,-30.21297146,81.82571564,3,11,3,4,3,11,11
1018,30,18,14,1.2,,84.53636531,177.4948378,5,11,5,5,5,11,11
1019,47,12,17,4.222222222,,-86.06216806,-62.79725556,3,4,3,3,3,4,5
1020,89,12,13,3.56,,39.96457796,-147.0692058,5,11,5,5,5,11,11
1021,96,13,19,4.149993911,,-16.74690318,-46.84871774,4,10,4,4,4,10,10
1022,13,18,20,1,,55.499869,-7.959055494,4,5,4,4,4,5,5
1023,46,15,11,3.538461538,,47.84709986,40.58044704,4,5,4,4,4,5,5
1024,94,18,23,3.76,,-17.77031685,-171.6824894,3,11,3,3,3,11,11
1025,10,16,25,0.666666667,,-82.60411316,-5.95241151,3,6,3,3,3,6,6
1026,46,19,13,3.538461538,,64.83331957,-10.2878766,4,5,4,4,4,5,5
1027,74,20,15,3.510265369,,-85.40045025,99.47164934,3,9,3,3,3,9,9
1028,53,10,24,4.076923077,,10.71764039,101.7391748,4,5,4,4,4,5,5
1029,54,12,18,3.133893557,,-22.69205308,-82.6267154,3,7,3,3,4,7,7
1030,91,17,25,3.64,,5.691038047,-19.13999672,5,11,5,5,5,11,11
1031,85,19,21,6.538461538,,75.00511908,174.4341002,5,5,5,5,5,5,5
1032,34,18,25,2.25764411,,-48.63095301,-118.6597913,3,6,3,3,3,6,6
1033,15,19,20,0.6,,42.29068536,-39.65769921,4,11,4,4,4,11,11
1034,75,18,16,4.390288958,,43.82424546,135.5524435,4,7,4,4,4,7,7
1035,42,14,21,1.434482759,,-82.9913288,152.6574676,3,13,3,3,3,12,13
1036,69,17,23,5.307692308,,-79.3421932,-136.5566907,3,5,3,3,3,5,5
1037,20,20,20,0.8,,4.143072896,-67.53282078,5,11,5,5,5,11,11
1038,64,11,21,3.739702197,,80.24251883,127.6808647,5,7,5,5,5,7,7
1039,50,20,22,2,,-79.91708631,-27.47461245,3,11,3,4,3,11,11
1040,83,14,25,6.384615385,,33.27760417,78.31760767,4,5,4,4,4,5,5
1041,39,11,25,1.56,,38.58320026,-58.62283938,5,11,5,5,5,11,11
1042,20,20,18,1.305882353,,-69.25066885,-155.239618,3,6,3,3,3,6,6
1043,12,14,18,1.649350649,,86.27676928,49.01683589,5,2,5,5,5,2,2
1044,41,10,18,2.696240602,,-50.04278682,-82.08651467,3,6,3,3,3,6,6
1045,52,18,15,2.08,,56.28523992,139.8078163,4,11,4,4,4,11,11
1046,67,19,11,5.153846154,,-34.39207341,-164.8553848,3,5,3,3,3,5,5
1047,58,14,11,3.855462185,,89.51277902,-44.98108908,5,6,5,5,5,6,6
1048,62,19,17,2.120613027,,-13.67757098,72.96285864,4,13,4,4,4,13,13
1049,82,10,18,6.307692308,,-68.77645147,-96.11486071,3,5,3,3,3,5,5
1050,25,17,18,1.646842105,,-65.7574981,-96.80434689,3,6,3,3,3,6,6
1051,62,19,23,2.905204187,,-43.41476893,92.09866005,4,9,4,4,4,9,9
1052,66,16,14,2.64,,-60.82283766,93.08846522,3,11,3,3,3,11,11
1053,61,16,25,4.692307692,,-75.07198249,73.64824432,3,5,3,3,3,5,5
1054,72,13,19,3.777384638,,52.83177893,-115.6569118,5,8,5,5,5,8,8
1055,57,15,12,2.28,,-34.53920616,-90.71716635,5,11,5,3,5,11,11
1056,55,10,22,4.230769231,,-35.88640521,-179.4309908,3,5,3,3,3,5,5
1057,63,17,12,4.192599145,,-83.07353898,39.2853985,4,6,4,4,4,6,6
1058,58,18,22,2.32,,-53.39074589,0.079599182,4,11,4,4,4,11,11
1059,38,17,22,3.391608392,,-63.85663758,99.04500579,3,4,3,3,3,4,5
1060,72,13,16,2.88,,-76.49102786,-173.0259555,3,11,3,3,3,11,11
1061,62,19,23,4.769230769,,77.13576036,122.4913193,5,5,5,5,5,5,5
1062,30,11,24,1.739495798,,17.13603439,-4.127172442,4,7,4,4,4,7,7
1063,61,14,24,4.025770308,,37.09330208,52.20186195,4,6,4,4,4,6,6
1064,56,17,15,2.066666667,,42.23498749,42.60730671,4,12,4,4,4,12,12
1065,58,19,13,4.461538462,,-85.5607276,154.5576595,3,5,3,3,3,5,5
1066,72,14,15,4.234999263,,-46.08730796,-84.75586147,5,7,5,3,3,7,7
1067,18,17,16,0.72,,36.02736075,-43.4720441,5,11,5,5,5,11,11
1068,62,18,12,4.769230769,,37.83260495,-179.0484663,5,5,5,5,5,5,5
1069,63,14,23,2.296462324,,-59.78264069,-60.49983145,4,12,4,4,4,12,12
1070,30,18,15,1.956862745,,49.52349374,99.26001505,5,6,5,4,5,6,6
1071,30,17,25,2.307692308,,-10.05959918,-62.86448231,4,5,4,4,4,5,5
1072,34,19,10,1.36,,-3.711071402,29.23484944,4,11,4,4,4,11,11
1073,78,11,22,3.707002801,,20.40548999,-156.2147994,5,9,5,5,5,9,9
1074,15,13,25,1.656565657,,68.18965914,-78.17416291,5,3,5,5,5,3,3
1075,66,19,22,5.076923077,,84.41744992,136.5305814,5,5,5,5,5,5,5
1076,28,20,15,1.037037037,,3.820440831,131.6048993,3,12,3,4,3,11,11
1077,52,10,18,2.08,,9.102212261,97.37626443,4,11,4,4,4,11,11
1078,82,20,17,3.880023588,,-22.85512505,150.3821425,3,9,3,3,3,9,9
1079,31,12,14,2.384615385,,45.90775677,-102.144464,5,5,5,5,5,5,5
1080,58,17,16,2.32,,70.49980831,141.4393393,5,11,5,5,5,11,11
1081,54,15,19,4.153846154,,-8.982837992,-165.8329518,3,5,3,3,3,5,5
1082,73,10,12,2.92,,10.15835358,127.5690114,4,11,4,5,5,11,11
1083,83,16,15,6.384615385,,85.38213797,74.05546767,5,5,5,5,5,5,5
1084,67,20,17,3.213818369,,-75.63226462,-141.476412,3,9,3,3,3,9,9
1085,36,12,11,1.44,,-55.41971387,-167.7692708,3,11,3,3,3,11,11
1086,94,12,16,4.936566416,,76.13992905,-71.22732311,5,8,5,5,5,8,8
1087,60,19,11,4.615384615,,-13.24487385,-128.3425765,3,5,3,3,3,5,5
1088,58,16,19,2.32,,13.59094861,-28.89672261,4,11,4,4,5,11,11
1089,11,13,13,0.44,,-26.65501259,97.71042244,4,11,4,4,4,11,11
1090,66,18,15,2.64,,51.84460803,88.33767276,4,11,4,4,5,11,11
1091,73,20,16,5.615384615,,-27.69951053,-31.93357684,4,5,4,4,4,5,5
1092,64,15,20,3.743417367,,-38.36634614,156.5555144,3,7,3,3,3,7,7
1093,24,18,15,0.96,,66.87205175,-88.94284663,5,11,5,5,5,11,11
1094,86,16,20,3.75374613,,19.88811355,83.87582922,4,10,4,4,4,10,11
1095,31,14,14,2.818181818,,84.6019624,-16.47165617,5,4,5,5,5,4,4
1096,14,20,18,1.992673993,,35.18479259,-7.058342345,4,2,4,4,5,2,2
1097,13,19,23,0.52,,29.63084958,70.72659152,4,11,4,4,4,11,11
1098,36,16,11,2.769230769,,-54.9363923,5.798044955,3,5,3,3,3,5,5
1099,32,14,12,1.28,,-62.25648924,96.57221613,3,11,3,3,3,11,11
1100,72,11,14,2.88,,-0.752238885,-2.352840076,4,11,4,4,4,11,11
1101,19,18,25,2.111111111,,31.5037981,-138.7029364,5,3,5,5,5,3,3
1102,81,16,10,6.230769231,,-21.26347017,136.9571596,3,5,3,3,3,5,5
1103,33,20,10,2.19047619,,-0.598502443,36.22484362,4,6,4,4,4,6,6
1104,34,15,21,2.211764706,,77.88970999,12.69177934,5,6,5,5,5,6,6
1105,65,14,19,2.6,,-14.47364829,16.43157524,4,11,4,4,4,11,11
1106,61,12,15,4.038095238,,2.359639879,-159.2094208,3,6,3,3,3,6,6
1107,69,12,15,5.307692308,,-67.8007057,144.8381952,3,5,3,3,3,5,5
1108,100,10,15,4,,78.40744945,-82.90108587,5,11,5,5,5,11,11
1109,94,15,18,4.947250479,,87.20070211,17.91909644,5,8,5,5,5,8,8
1110,50,19,11,3.846153846,,27.6733477,129.3392485,4,5,4,4,4,5,5
1111,88,12,20,3.52,,-75.45226799,-1.066260309,3,11,3,3,3,11,11
1112,82,19,11,6.307692308,,-72.84646078,52.59392735,3,5,3,4,4,5,5
1113,18,20,18,1.168627451,,88.78501125,126.2004753,5,6,5,5,5,6,6
1114,20,13,22,1.333333333,,11.39660663,-73.93376496,5,6,5,5,5,6,6
1115,85,18,18,4.018133569,,35.37813117,-147.4704102,5,9,5,5,5,9,9
1116,97,12,13,7.461538462,,56.37893738,112.8407041,4,5,4,4,4,5,5
1117,100,13,25,4,,-35.34559886,122.049957,3,11,3,4,3,11,11
1118,49,15,15,2.10230179,,-24.98266102,-113.944157,3,10,3,3,3,10,10
1119,14,16,22,0.923809524,,-79.08830375,158.6301751,3,6,3,3,3,6,6
1120,14,14,25,1.076923077,,26.3798799,61.80616524,4,5,4,4,4,5,6
1121,60,18,18,3.477919799,,1.046884458,10.85414161,4,7,4,4,4,7,7
1122,75,12,15,3,,46.21922579,-88.39725514,5,11,5,5,5,11,11
1123,13,11,13,1.363636364,,-77.91321282,-60.31213452,3,3,3,3,3,3,3
1124,76,16,20,5.846153846,,-14.90236325,-99.99521699,5,5,5,5,5,5,5
1125,28,18,23,1.611764706,,-36.00124176,-85.25755428,3,7,3,3,3,7,6
1126,47,16,11,3.615384615,,-46.90187949,174.9549294,3,5,3,3,3,5,5
1127,30,18,10,1.2,,77.51085711,102.0621879,5,11,5,5,5,11,11
1128,45,15,24,2.108123249,,-63.84785347,88.37027372,4,9,4,3,4,9,8
1129,48,17,22,3.692307692,,47.29969781,-35.09160478,5,5,5,5,5,5,5
1130,56,17,21,2.24,,-37.26052045,156.4713108,3,11,3,3,3,11,11
1131,79,14,24,4.594800236,,-41.46890543,-19.46583543,4,7,4,4,4,7,7
1132,41,16,13,1.64,,-1.159414485,21.99747703,4,11,4,4,4,11,11
1133,22,16,14,1.692307692,,-46.13634419,56.18976148,4,5,4,4,4,5,5
1134,87,20,23,3.757139588,,59.48758175,158.1673658,5,10,5,5,5,10,11
1135,17,11,18,0.68,,25.33956674,-70.19123482,5,11,5,5,5,11,11
1136,45,17,25,3.461538462,,-39.45723466,-145.6798456,3,5,3,3,3,5,5
1137,100,11,15,7.692307692,,83.37866937,126.8459191,5,5,5,5,5,5,5
1138,49,10,10,1.96,,14.63696136,-149.0904016,5,11,5,5,5,11,11
1139,92,19,11,3.68,,-38.94528494,169.5276276,3,11,3,3,3,11,11
1140,100,17,14,5.231873802,,-22.12561554,-111.5844456,3,8,3,3,3,8,8
1141,63,17,11,4.846153846,,69.48290753,-108.8304196,4,5,4,5,4,5,5
1142,16,12,12,0.64,,83.4896201,10.72415827,5,11,5,5,5,11,11
1143,43,10,23,1.72,,-62.73085464,-139.2613872,3,11,3,3,3,11,11
1144,37,19,19,2.466666667,,0.041301565,-59.87161847,4,6,4,4,4,6,6
1145,12,18,15,1.617604618,,1.661202204,116.216865,4,2,4,4,5,2,2
1146,50,19,18,3.846153846,,-18.1641321,-57.67994383,5,5,5,5,5,5,5
1147,98,19,12,4.646763969,,26.02605082,145.227681,4,9,4,4,5,9,9
1148,71,11,16,2.623205619,,28.55315236,-125.511002,5,12,5,5,5,12,11
1149,78,15,24,6,,-88.61334069,-155.0432654,3,5,3,3,3,5,5
1150,24,19,16,0.96,,-23.72085385,-98.90309374,5,11,5,5,5,11,11
1151,65,10,12,2.6,,-60.96075273,-70.21033336,3,11,3,3,3,11,11
1152,31,10,11,1.461064426,,-47.2239777,-34.39436766,4,9,4,3,4,9,9
1153,61,14,25,4.692307692,,2.213906583,55.80452544,4,5,4,4,4,5,5
1154,31,20,12,2.052661064,,29.46927546,-176.8586223,4,6,4,4,4,6,6
1155,39,14,15,2.537254902,,-29.0394835,-60.15508409,4,6,4,4,4,6,6
1156,66,12,19,2.422222222,,-87.00410497,134.0570571,3,12,3,3,3,12,12
1157,59,10,24,3.070411322,,-2.980383851,16.6972131,4,8,4,4,4,8,8
1158,43,10,13,3.307692308,,-54.31082095,-87.65611438,3,5,3,3,3,5,5
1159,48,10,16,3.692307692,,-51.24365969,-158.3065197,3,5,3,3,3,5,5
1160,97,12,25,3.589642401,,-47.91879179,-92.05173585,3,12,3,3,3,12,12
1161,26,10,14,1.678431373,,-51.78815498,127.8717351,3,6,3,3,3,6,6
1162,45,14,15,3,,0.557721506,-171.8799746,5,6,5,5,5,6,6
1163,35,18,21,2.692307692,,-89.57090121,-45.63971078,3,5,3,3,3,5,5
1164,41,12,12,1.64,,85.60656477,-24.2569006,5,11,5,5,5,11,11
1165,66,19,12,3.126099071,,-19.06311953,-25.94353788,4,9,4,4,4,9,9
1166,82,14,18,6.307692308,,-41.17173579,97.22184175,5,5,5,4,5,5,5
1167,51,10,16,2.04,,-25.99610778,125.5673806,4,11,4,3,3,11,11
1168,99,18,21,4.30176836,,-47.02079118,100.8085849,4,10,4,4,4,10,10
1169,27,14,15,1.08,,12.49674368,8.123426775,4,11,4,4,4,11,11
1170,87,10,15,6.692307692,,-17.14272465,150.9979312,3,5,3,3,3,5,5
1171,26,13,17,1.04,,2.507939708,74.78531532,4,11,4,4,4,11,11
1172,84,19,14,3.36,,-18.48539662,-11.37513532,5,11,4,5,5,11,11
1173,17,10,23,1.076190476,,56.38030622,169.2143341,5,6,5,5,5,6,6
1174,11,19,14,1.222222222,,85.2672318,49.89665315,5,3,5,5,5,3,3
1175,36,20,15,2.109803922,,58.03154169,30.80367216,5,7,5,5,5,7,6
1176,65,19,15,5,,13.14526816,-31.8262591,5,5,5,5,5,5,5
1177,66,18,22,3.104761905,,-26.55727373,-133.9832126,3,9,3,3,3,9,9
1178,35,10,19,3.153846154,,-54.80908261,-160.7840133,3,4,3,3,3,4,4
1179,14,15,23,0.56,,14.10149435,-25.18480792,4,11,4,4,5,11,11
1180,50,14,10,1.850740741,,-68.74242549,-122.3982481,3,12,3,3,3,12,12
1181,76,20,11,3.27098943,,59.20385851,106.2848114,5,10,5,5,5,10,9
1182,16,18,16,1.454545455,,-61.05468379,-12.73381769,4,4,3,4,4,4,4
1183,14,13,23,0.56,,48.48024309,70.69355623,4,11,4,4,5,11,11
1184,85,13,10,6.538461538,,9.45204497,-179.4145334,5,5,5,5,5,5,5
1185,46,10,12,1.84,,76.2174515,-151.4897145,5,11,5,5,5,11,11
1186,41,17,25,1.64,,-20.287627,131.3765497,3,11,3,4,3,11,11
1187,55,15,10,3.225121628,,-26.15170706,-105.7178917,5,7,5,3,3,7,7
1188,30,17,11,2.727272727,,57.85335726,-126.8374461,5,4,5,5,5,4,4
1189,23,13,19,2.474747475,,37.31659112,28.74966198,4,3,4,4,4,3,3
1190,35,13,19,1.4,,19.57336909,-99.13215944,5,11,5,5,5,11,11
1191,83,16,13,5.485714286,,47.63829038,-132.0432525,5,6,5,5,5,6,6
1192,63,19,16,4.846153846,,-15.72796106,128.8385608,3,5,4,4,3,5,5
1193,11,10,22,0.44,,-0.363859295,-33.64212255,4,11,4,4,4,11,11
1194,100,15,10,3.69037037,,26.79228016,173.28489,5,12,5,5,5,12,12
1195,71,13,25,5.461538462,,-63.81821525,-171.5742624,3,5,3,3,3,5,5
1196,83,13,24,3.91001032,,-48.61063639,72.09833088,4,9,4,4,4,9,9
1197,37,15,14,1.48,,67.91670649,-144.4767645,5,11,5,5,5,11,11
1198,82,20,25,6.307692308,,-44.59569944,-131.2362084,3,5,3,3,3,5,5
1199,69,13,13,4.024207578,,71.62475305,42.1112254,5,7,5,5,5,7,7
1200,55,15,25,2.2,,-7.960300387,-153.8090253,3,11,3,3,3,11,11
1201,52,12,12,3.457142857,,-35.21980642,-113.4229844,3,6,3,3,3,6,6
1202,87,17,11,3.48,,-13.72227805,-154.393453,3,11,3,3,3,11,11
1203,72,10,15,5.538461538,,-28.42653899,173.4774504,3,5,3,3,3,5,5
1204,94,19,10,5.507729618,,80.52781514,62.67806514,5,7,5,5,5,7,7
1205,43,15,18,1.72,,47.80502712,-111.556011,5,11,5,5,5,11,11
1206,74,19,21,5.692307692,,78.98070198,-25.1617785,5,5,5,5,5,5,5
1207,32,15,16,1.157037037,,9.460052252,-96.72791747,5,12,5,5,5,12,12
1208,89,12,12,4.632758367,,-44.11867613,101.4279883,4,8,4,3,3,8,8
1209,12,20,25,0.444444444,,-63.12452013,-92.8061563,3,12,3,3,3,12,12
1210,89,19,11,3.56,,60.85741182,-117.5595858,5,11,5,5,5,11,11
1211,95,16,17,7.307692308,,-26.99962176,131.0266,4,5,4,3,4,5,5
1212,16,10,19,0.723809524,,-29.81726925,47.72866694,4,9,4,4,4,11,9
1213,43,13,21,2.822969188,,-1.115599453,132.4063536,4,6,4,3,3,6,6
1214,23,14,21,0.92,,-39.01944967,50.85924025,4,11,4,4,4,11,11
1215,81,10,25,2.97037037,,-81.37750344,45.824963,3,12,3,3,3,12,12
1216,11,17,10,1.444444444,,-11.95386201,-122.4892479,5,2,5,3,5,2,2
1217,25,17,10,1.923076923,,20.91032563,-75.19227368,5,5,5,5,5,5,5
1218,29,20,14,1.933333333,,33.88317959,41.41647374,4,6,4,4,4,6,6
1219,51,14,13,3.923076923,,-8.576567142,-82.70669035,5,5,5,5,5,5,5
1220,15,12,10,1,,-46.29979341,-67.23157361,4,6,4,3,4,6,6
1221,78,14,19,3.368533867,,-69.79162982,-5.247863515,4,10,4,3,4,10,10
1222,85,13,14,6.538461538,,13.03143823,-117.7197134,5,5,5,5,5,5,5
1223,12,18,20,0.48,,48.48993351,-95.62147256,5,11,5,5,5,11,11
1224,38,17,21,1.52,,83.58078907,-8.139596209,5,11,5,5,5,11,11
1225,44,10,23,2.560961227,,-71.41982342,-135.6038732,3,7,3,3,3,7,7
1226,44,14,10,1.76,,-86.18722301,-166.1585063,3,11,3,3,3,11,11
1227,99,18,13,7.615384615,,-66.33369969,167.8995486,3,5,3,3,3,5,5
1228,75,15,23,4.969187675,,-12.50056314,28.61758959,4,6,4,4,4,6,6
1229,66,15,14,2.64,,-54.12374517,143.0782462,3,11,3,3,3,11,11
1230,32,11,11,1.28,,32.29355069,89.96527413,4,11,4,5,5,11,11
1231,19,12,23,1.215686275,,-45.06533813,104.4897384,4,6,3,4,3,6,6
1232,96,15,14,4.131848739,,-82.55225605,-62.77813164,3,10,3,3,3,10,10
1233,55,11,25,2.2,,-54.15142095,-32.7083116,4,11,4,4,4,11,11
1234,87,12,16,6.692307692,,7.128411939,81.45837776,5,5,5,4,5,5,5
1235,71,11,16,2.84,,46.50724175,127.1778614,5,11,5,5,5,11,11
1236,18,11,14,1.573426573,,65.92743314,154.8631688,5,4,5,5,5,4,4
1237,60,18,20,2.581780538,,81.6125382,98.25290524,5,10,5,5,5,10,10
1238,12,19,23,1.307692308,,-53.568282,-108.859731,3,3,3,3,3,3,3
1239,50,15,12,3.846153846,,30.96180362,84.32832024,4,5,4,4,5,5,5
1240,48,19,14,1.92,,55.21071726,157.2994859,5,11,5,5,5,11,11
1241,84,19,13,3.983300899,,58.88061953,-87.92722795,5,9,5,4,5,9,9
1242,92,12,19,7.076923077,,48.00600371,52.48605264,4,5,4,4,4,5,5
1243,46,13,21,1.84,,-75.54586516,1.580520103,3,11,3,3,3,11,11
1244,21,15,11,0.84,,-39.83323591,-18.09601819,4,11,4,4,4,11,11
1245,91,16,14,3.136819923,,-27.78179344,78.79997844,4,13,4,4,4,13,13
1246,13,10,18,0.866666667,,-42.1086157,23.96182083,4,6,4,4,4,6,6
1247,62,12,19,3.253299425,,-70.01279994,78.33176106,3,8,3,3,3,8,8
1248,88,17,11,6.769230769,,-19.08132332,-51.72603307,5,5,5,5,4,5,5
1249,54,16,12,2.571428571,,-62.34588427,-74.8052672,3,9,3,3,3,9,11
1250,100,16,12,7.692307692,,30.45760993,-124.940403,5,5,5,5,5,5,5
1251,10,13,18,0.4,,-16.65993622,-26.53371355,4,11,4,4,4,11,11
1252,47,15,13,1.88,,50.21167196,164.5266218,5,11,5,5,5,11,11
1253,74,15,14,3.494795813,,72.99397269,83.4471962,5,9,5,5,5,9,9
1254,51,18,24,2.04,,52.88425782,102.5074892,5,11,5,4,5,11,11
1255,20,14,16,0.8,,-84.59321196,-105.7480996,3,11,3,3,3,11,11
1256,23,18,24,2.090909091,,-89.35564075,-29.37288846,3,4,3,3,3,4,4
1257,90,17,21,4.268317853,,-6.061680781,-126.3531836,3,9,3,3,3,9,9
1258,70,20,23,2.8,,44.96524964,113.5023688,4,11,4,4,5,11,11
1259,53,14,22,4.076923077,,-33.45915293,-152.6780097,3,5,3,3,3,5,5
1260,19,19,25,0.76,,-9.385440708,-3.993168172,4,11,4,4,4,11,11
1261,86,20,13,3.73803678,,-1.989564955,-33.20207589,5,10,5,5,5,10,10
1262,89,16,18,6.846153846,,8.704761498,-8.520825998,4,5,4,4,4,5,5
1263,80,20,18,2.931851852,,-87.70932532,125.6612828,3,12,3,3,3,12,12
1264,98,19,25,7.538461538,,36.03922704,98.65454245,5,5,5,4,4,5,5
1265,94,12,20,4.912516586,,75.66744145,158.6926782,5,8,5,4,4,8,8
1266,60,13,13,2.4,,6.939407867,156.662217,3,11,3,3,3,11,11
1267,60,11,10,2.4,,17.83657086,-6.612396064,4,11,4,4,4,11,11
1268,60,20,15,4.615384615,,-47.51695443,-55.71870796,4,5,4,4,4,5,5
1269,34,14,13,2.259383754,,64.95347328,125.1788437,4,6,4,5,5,6,6
1270,21,20,25,0.84,,24.0875699,-120.9044559,5,11,5,5,5,11,11
1271,91,18,18,4.329784756,,84.79448076,26.78125761,5,9,5,5,5,9,9
1272,18,11,21,1.636363636,,-73.11607349,55.07254819,3,4,3,3,3,4,4
1273,96,16,12,7.384615385,,37.85387311,136.5951696,5,5,5,5,5,5,5
1274,13,17,20,0.52,,45.82845908,0.077977289,4,11,4,4,4,11,11
1275,87,18,10,3.48,,-14.2631649,-108.0661761,3,11,3,3,3,11,11
1276,40,10,19,2.666666667,,40.17821439,-175.0416662,5,6,5,5,5,6,6
1277,24,10,20,0.96,,43.02108683,-119.4820837,5,11,5,5,5,11,11
1278,80,12,15,6.153846154,,74.06013904,103.2762564,4,5,4,5,5,5,5
1279,99,16,25,4.674745688,,-66.90300608,107.7041935,3,9,3,4,4,9,9
1280,69,15,25,2.76,,-84.49722885,-77.87036735,3,11,3,3,3,11,11
1281,95,11,16,7.307692308,,10.3052434,-105.8221866,5,5,5,5,5,5,5
1282,77,15,13,3.08,,76.72766831,-152.3854058,5,11,5,5,5,11,11
1283,82,11,22,4.285596344,,-41.96295491,68.23929534,4,8,4,4,4,8,8
1284,88,19,23,3.00962963,,10.36167755,-124.9660101,5,13,5,5,5,13,13
1285,47,12,11,3.615384615,,80.25093606,150.6983517,5,5,5,5,5,5,5
1286,18,17,23,1.168627451,,-38.67778826,-152.227207,3,6,3,3,3,6,6
1287,98,17,18,5.755241044,,-13.94669013,28.41660453,4,7,4,4,4,7,7
1288,31,20,16,2.384615385,,-64.84121576,74.70723687,4,5,4,4,4,5,5
1289,86,16,11,3.183703704,,26.8612077,7.816221305,4,12,4,4,4,12,12
1290,47,16,12,3.615384615,,-25.91044836,-92.35309278,3,5,3,5,3,5,5
1291,39,16,21,1.67109077,,-41.93102213,-35.27484365,4,10,4,4,4,10,10
1292,29,10,22,2.608391608,,11.2406933,-78.77911716,5,4,5,5,5,4,4
1293,59,18,13,4.538461538,,23.28787619,25.93440224,4,5,4,4,4,5,5
1294,92,14,12,4.357246056,,-84.45411791,-99.01858549,3,9,3,3,3,9,9
1295,18,13,12,0.72,,70.43686835,-144.5131582,4,11,4,5,4,11,11
1296,73,11,25,5.615384615,,-28.97823238,-164.9436138,3,5,3,3,3,5,5
1297,23,11,11,0.92,,-39.2894221,-138.0646181,3,11,3,3,3,11,11
1298,67,13,10,2.68,,36.44174813,137.2299759,5,11,5,5,5,11,11
1299,20,11,10,0.8,,89.30842686,-173.3228523,5,11,5,5,5,11,11
1300,13,20,18,0.866666667,,-49.07320424,16.83090582,4,6,4,4,4,6,6
1301,86,19,23,3.712235833,,-84.44551689,170.002532,3,10,3,3,3,10,10
1302,83,11,21,6.384615385,,-13.70987471,-112.3103212,3,5,3,3,3,5,5
1303,88,10,15,3.52,,-3.244916161,135.320838,4,11,4,4,4,11,11
1304,78,18,20,3.389503106,,-31.62276805,111.5143634,4,10,4,4,4,10,10
1305,97,11,25,7.461538462,,-15.15133406,160.2937371,3,5,3,3,3,5,5
1306,46,18,10,1.84,,-68.71625295,134.8895952,3,11,3,3,3,11,11
1307,21,16,12,0.84,,-13.82877123,-40.48947532,5,11,5,5,5,11,11
1308,98,13,15,4.219287349,,27.90777889,58.4848075,4,10,4,4,4,10,10
1309,50,17,16,2,,84.82528669,-122.4377209,5,11,5,5,5,11,11
1310,25,15,15,1,,88.94928504,120.6152088,5,11,5,5,5,11,11
1311,26,18,11,2,,-38.39872487,-44.3242534,4,5,4,4,4,5,5
1312,65,10,15,5,,-25.80140662,-98.9055877,5,5,5,3,3,5,5
1313,97,16,18,3.88,,5.565628854,42.63706233,4,11,4,4,4,11,11
1314,83,20,12,5.502156863,,29.4611977,68.55077444,4,6,4,4,4,6,6
1315,52,13,13,4,,-20.12603257,18.32474354,4,5,4,4,4,5,5
1316,44,12,13,3.384615385,,77.94673074,12.53131731,5,5,5,5,5,5,5
1317,17,14,17,0.68,,-43.83347552,17.90336613,4,11,4,4,4,11,11
1318,71,11,17,4.159103641,,21.14870372,122.2575727,4,7,4,5,5,7,7
1319,43,20,23,1.72,,40.33834094,135.7288049,5,11,5,4,5,11,11
1320,36,10,17,2.769230769,,23.20981791,-135.6875607,5,5,5,5,5,5,5
1321,26,17,11,1.04,,-12.74170096,141.7080431,3,11,3,3,3,11,11
1322,29,14,10,1.044444444,,-59.67666435,43.07260207,4,12,4,4,4,12,12
1323,59,17,21,4.538461538,,-83.24128371,-76.32807119,3,5,3,3,3,5,5
1324,34,16,11,1.962229102,,44.48747535,62.51827574,4,7,4,4,4,7,7
1325,36,14,13,1.308148148,,75.16772166,159.8259719,5,12,5,5,5,12,12
1326,100,10,15,4.345287772,,-0.936161864,116.7113981,4,10,4,4,5,10,10
1327,88,17,19,6.769230769,,74.44839791,166.3006019,5,5,5,5,5,5,5
1328,35,11,23,1.4,,53.64847817,164.8459928,5,11,5,5,5,11,11
1329,19,15,20,0.703703704,,-32.52132936,-66.81923639,3,12,3,5,3,11,11
1330,62,16,18,2.48,,69.77712479,11.42797402,5,11,5,5,5,11,11
1331,22,11,10,2.383838384,,9.862058201,-128.2003409,5,3,5,5,5,3,3
1332,49,19,12,2.540350877,,42.00627996,-158.1787271,4,8,4,4,4,8,8
1333,71,13,15,5.461538462,,2.923959799,-4.535436131,4,5,4,4,4,5,5
1334,26,13,11,1.04,,47.82444613,30.75282469,4,11,4,5,4,11,11
1335,36,17,22,1.44,,44.94489554,-18.389591,5,11,5,5,5,11,11
1336,29,17,12,1.933333333,,-26.12412211,154.8030839,3,6,3,3,3,6,6
1337,61,15,12,4.00952381,,-59.48479567,-144.4881986,3,6,3,3,3,6,6
1338,87,10,11,3.48,,5.035695036,-130.4088046,3,11,3,3,3,11,11
1339,94,18,25,7.230769231,,2.188697882,-143.0979807,3,5,3,3,3,5,5
1340,48,20,10,3.152380952,,-20.31612908,-158.0013497,3,6,3,3,3,6,6
1341,43,20,20,1.72,,30.66672883,-29.15002547,4,11,4,4,4,11,11
1342,89,17,17,6.846153846,,-56.72754163,-178.698994,3,5,3,3,3,5,5
1343,18,16,25,1.11,,-87.34645763,67.99039362,3,7,3,3,3,6,7
1344,31,12,13,2.066666667,,-52.90610084,118.8829393,3,6,3,3,3,6,6
1345,27,18,22,1.08,,9.011002304,-98.51368366,5,11,5,5,5,11,11
1346,69,14,12,3.604324045,,39.15954201,179.9397719,5,8,5,5,5,8,8
1347,72,16,25,2.88,,46.15514475,74.58198477,4,11,4,4,4,11,11
1348,49,15,10,3.769230769,,-14.41263418,-172.703058,3,5,3,3,3,5,5
1349,58,13,24,3.406594427,,-15.14565754,-26.6259115,4,7,4,4,4,7,7
1350,64,14,22,2.56,,80.52910219,157.8491106,5,11,5,5,5,11,11
1351,46,15,24,3.538461538,,-71.11946708,25.64299835,4,5,4,4,4,5,5
1352,45,20,13,2.942857143,,51.24623405,70.95619231,4,6,4,4,4,6,6
1353,68,18,21,5.230769231,,-42.07036541,-174.0972992,3,5,3,3,3,5,5
1354,49,10,15,1.96,,80.26091067,87.69148757,5,11,5,5,5,11,11
1355,96,12,11,5.040601504,,69.4507712,92.38347826,5,8,5,5,5,8,8
1356,14,18,15,0.56,,68.12626014,-59.97906557,5,11,5,5,5,11,11
1357,36,17,19,3.272727273,,-56.02312948,170.8959572,3,4,3,3,3,4,4
1358,66,20,24,2.64,,24.57924426,-143.7709708,5,11,5,5,5,11,11
1359,41,19,13,3.153846154,,32.81110587,-39.92606523,4,5,4,4,5,5,5
1360,16,16,10,1.047619048,,79.69013626,-176.1305803,5,6,5,5,5,6,6
1361,97,20,23,3.88,,69.31372186,-48.40342842,4,11,4,4,4,11,11
1362,28,13,14,1.866666667,,19.57337364,113.7947197,4,6,4,4,5,6,6
1363,67,11,12,5.153846154,,-25.80176912,17.21544799,4,5,4,4,4,5,5
1364,21,12,12,1.4,,-53.74469639,53.76275474,4,6,4,3,3,6,6
1365,71,13,16,3.699159664,,-59.04136092,138.0078575,3,8,3,3,3,8,8
1366,35,10,21,1.268148148,,58.84509872,64.47631435,5,12,5,5,5,12,12
1367,15,10,21,1.153846154,,3.734507752,158.6655234,3,5,3,3,3,5,5
1368,50,18,16,3.846153846,,79.36481566,-23.67771968,5,5,5,5,5,5,5
1369,14,13,11,0.933333333,,-89.0670937,120.6539078,3,6,3,3,3,6,6
1370,63,20,13,2.147228608,,-22.67146097,44.78827972,4,13,4,4,4,13,13
1371,13,15,11,1.824175824,,70.20810592,-51.17487146,5,2,5,5,5,2,2
1372,93,15,25,4.41752322,,-32.57657379,130.9235162,3,9,3,3,3,9,9
1373,83,20,14,6.384615385,,-12.59021086,48.93354496,4,5,4,4,4,5,5
1374,69,20,13,2.76,,81.8765656,-9.665016211,5,11,5,5,5,11,11
1375,27,13,25,1.776666667,,4.485984721,88.76102629,4,6,4,4,4,6,6
1376,96,14,10,7.384615385,,50.99140259,-31.51561722,5,5,5,5,5,5,5
1377,98,17,11,4.63945157,,49.29162145,-71.88015412,4,9,4,4,4,9,9
1378,61,17,14,2.44,,-45.46173961,-29.66844768,4,11,4,4,4,11,11
1379,16,12,11,0.64,,31.19713672,-18.09115597,5,11,5,5,5,11,11
1380,11,20,10,0.44,,32.47147027,-134.5103213,5,11,5,5,5,11,11
1381,88,10,19,6.769230769,,38.40256438,65.33690625,4,5,4,4,4,5,5
1382,66,13,19,4.380952381,,81.80847908,-172.6248337,5,6,5,5,5,6,6
1383,96,14,22,3.54962963,,3.91197065,134.3381377,3,12,3,4,3,12,12
1384,84,12,24,3.977738464,,-39.15716059,-144.1362467,3,9,3,3,3,9,9
1385,46,18,12,3.538461538,,-25.72093419,-171.9183893,3,5,3,3,3,5,5
1386,95,10,22,3.261979566,,10.45946919,83.48562243,4,13,4,4,4,13,13
1387,35,13,22,2.692307692,,18.40801816,14.66574126,4,5,4,4,4,5,5
1388,14,17,21,1.948051948,,-41.51874161,172.405173,3,2,3,3,3,2,2
1389,10,15,12,0.666666667,,3.108215318,-149.4942015,3,6,3,3,3,6,6
1390,36,16,21,2.380952381,,-49.51297837,60.02831337,4,6,4,4,4,6,6
1391,80,19,13,6.153846154,,59.91698569,-81.71715923,5,5,5,4,5,5,5
1392,16,11,21,0.64,,-10.6810942,-55.26782439,5,11,5,5,5,11,11
1393,81,15,14,3.24,,-50.11650843,-178.6273575,3,11,3,3,3,11,11
1394,66,13,25,3.84440513,,37.25012359,13.17443133,4,7,4,4,4,7,7
1395,28,11,11,2.538461538,,-87.9087109,20.70811686,3,4,3,3,3,4,4
1396,58,14,20,3.016099071,,67.37234218,-174.3112591,5,8,5,5,5,8,8
1397,42,15,21,3.230769231,,-5.961171249,-26.43419431,5,5,5,4,4,5,5
1398,92,11,12,3.157598978,,52.59515014,-6.656590906,5,13,5,5,5,13,13
1399,32,16,15,2.461538462,,-42.418379,130.0457821,3,5,3,3,3,5,5
1400,30,16,10,2,,-61.65241143,45.71343428,3,6,3,3,3,6,6
1401,87,12,14,6.692307692,,59.00935825,-149.4703752,5,5,5,5,5,5,5
1402,13,13,13,0.866666667,,87.82618825,-169.9037321,5,6,5,5,5,6,6
1403,62,14,13,3.214761905,,62.93055556,83.44497278,4,8,4,5,5,8,8
1404,27,20,17,1.08,,88.56472965,-152.0434492,5,11,5,5,5,11,11
1405,91,17,16,3.366296296,,45.76827971,175.6416416,5,12,5,5,5,12,12
1406,68,15,10,3.256749226,,-53.34873485,113.1963146,3,9,3,3,3,9,9
1407,69,11,14,5.307692308,,45.16579063,4.881773781,4,5,4,4,4,5,5
1408,59,12,21,3.933333333,,-4.944937481,-19.75901466,4,6,4,4,4,6,6
1409,20,12,10,1.538461538,,-48.02338577,140.7959988,3,5,3,3,3,5,6
1410,46,13,16,1.84,,-0.790969377,28.05496719,4,11,4,4,4,11,11
1411,98,11,11,7.538461538,,23.87001116,23.46075436,4,5,4,4,4,5,5
1412,79,11,14,4.622939702,,-88.20593254,31.24784025,3,7,3,3,4,7,7
1413,99,12,15,3.96,,-7.259768879,21.12155864,4,11,4,4,4,11,11
1414,26,20,23,1.733333333,,-86.23634925,-178.4008923,3,6,3,3,3,6,6
1415,91,16,20,7,,87.04637908,-92.80761051,5,5,5,5,5,5,5
1416,80,16,18,3.768263305,,-69.85489492,-112.3088799,3,9,3,3,3,9,9
1417,28,12,22,1.12,,64.12869588,-149.5842907,5,11,5,5,5,11,11
1418,45,20,18,1.8,,-59.39723677,-162.7417987,3,11,3,3,3,11,11
1419,46,10,23,1.84,,39.04568562,-11.32111391,4,11,4,4,4,11,11
1420,92,17,22,7.076923077,,-62.66092025,-139.952004,3,5,3,3,3,5,5
1421,43,20,25,2.243343653,,59.36477442,164.719696,5,8,5,5,5,8,11
1422,80,15,14,2.931851852,,-38.08941923,28.14374387,4,12,4,4,4,12,12
1423,70,16,18,4.666666667,,53.12758748,-31.76272461,4,6,4,4,4,6,6
1424,63,10,23,4.846153846,,8.617701065,63.79726613,4,5,4,4,4,5,5
1425,36,15,17,1.44,,-84.84889155,47.21042617,3,11,3,3,3,11,11
1426,32,12,12,2.133333333,,24.08426017,-7.761780289,4,6,4,4,4,6,6
1427,90,17,16,6.923076923,,-82.10242043,158.5813432,3,5,3,3,3,5,5
1428,69,14,18,2.76,,-26.79519695,-165.3946831,3,11,3,3,3,11,11
1429,15,16,14,1,,-88.09996335,-120.7606508,3,6,3,3,3,6,6
1430,99,19,24,4.697439186,,-6.244170236,69.20828954,4,9,4,4,4,9,9
1431,11,20,23,0.44,,25.16106636,-20.03892928,5,11,5,5,5,11,11
1432,84,19,13,3.091851852,,-5.065163851,-81.37790249,5,12,5,5,5,12,12
1433,43,17,13,3.307692308,,78.0390576,-92.18272795,5,5,5,5,5,5,5
1434,79,13,22,3.760626566,,-60.99721647,-89.57168392,3,9,3,3,3,9,9
1435,69,10,13,5.307692308,,88.06981182,153.4298168,5,5,5,5,5,5,5
1436,90,16,13,3.6,,-67.16170123,154.2711472,3,11,3,3,3,11,11
1437,40,15,11,2.325882353,,83.05474074,-29.85579456,5,7,5,5,5,7,7
1438,37,20,22,2.846153846,,-74.70399544,56.09107919,3,5,3,3,3,5,5
1439,65,16,13,3.433809524,,40.97685129,157.229312,4,8,4,5,4,8,8
1440,39,10,20,1.56,,-22.5404187,153.0555655,3,11,3,3,3,11,11
1441,19,18,21,2.111111111,,22.28883505,-177.6736135,5,3,5,5,5,3,3
1442,90,19,24,6.923076923,,27.48580767,-160.5475785,5,5,5,5,5,5,5
1443,29,20,20,1.933333333,,65.75902202,150.6303046,4,6,4,5,5,6,6
1444,15,17,16,0.6,,-3.939410794,-92.36410088,5,11,5,5,5,11,11
1445,51,18,11,1.739310345,,-85.00720469,-7.959625488,3,13,3,3,3,12,13
1446,54,11,18,2.797110423,,-60.50312009,-124.1439752,3,8,3,3,3,8,8
1447,51,17,15,3.923076923,,42.87945674,141.1833761,5,5,5,5,5,5,5
1448,32,11,12,1.28,,0.893537741,130.5959795,4,11,4,3,3,11,11
1449,93,11,14,4.856700575,,33.07423498,-56.5464979,4,8,4,5,5,8,8
1450,98,16,17,3.92,,39.98176031,-63.47148229,5,11,5,5,5,11,11
1451,23,17,24,2.555555556,,-4.967989277,-76.84550708,4,3,4,4,4,3,3
1452,73,17,14,5.615384615,,-71.5307181,174.1296759,3,5,3,3,3,5,5
1453,90,17,21,4.280072239,,-45.72289388,-54.80720031,4,9,4,4,4,9,9
1454,17,13,11,1.798756799,,53.56929513,-126.0531294,5,3,5,5,5,3,3
1455,83,10,24,6.384615385,,-32.6446251,-47.29813376,4,5,4,4,4,5,5
1456,57,17,24,2.28,,7.804969503,-164.3968141,3,11,3,3,3,11,11
1457,80,14,24,3.2,,-31.70258081,-128.0912673,3,11,3,3,3,11,11
1458,82,16,10,4.287365473,,-35.96438657,-47.99473549,4,8,4,4,4,8,8
1459,32,10,16,2.881118881,,40.38737638,-47.09465703,5,4,5,5,5,4,4
1460,20,10,20,0.8,,7.828560213,17.33543054,4,11,4,4,4,11,11
1461,66,18,21,5.076923077,,-23.44455271,-5.431332058,5,5,4,4,5,5,5
1462,54,19,25,2.16,,-75.19273172,-109.4182753,3,11,3,3,3,11,11
1463,58,16,22,3.866666667,,-39.52771518,66.60097156,4,6,4,4,4,6,6
1464,10,19,14,0.4,,59.15203901,24.50096932,5,11,5,5,5,11,11
1465,100,20,10,7.692307692,,81.40173885,28.17758049,5,5,5,5,5,5,5
1466,79,13,20,2.603231162,,36.09496122,-149.711323,5,14,5,5,5,13,14
1467,37,19,22,2.195714286,,-37.90770685,96.92987036,3,7,4,4,3,7,7
1468,48,18,19,2.770897833,,73.550948,153.7583427,5,7,5,5,5,7,7
1469,39,10,19,1.56,,4.293110419,27.76328905,4,11,4,4,4,11,11
1470,23,12,14,1.533333333,,-17.8295651,78.71523384,4,6,4,4,4,6,6
1471,89,17,11,6.846153846,,-57.09614709,154.1707329,3,5,3,3,3,5,5
1472,93,18,17,5.455599292,,-89.97316413,-42.87180924,3,7,3,3,3,7,7
1473,61,18,22,2.44,,-41.3357331,-170.6122027,3,11,3,3,3,11,11
1474,34,13,16,1.36,,39.65434705,129.4885308,5,11,5,5,5,11,11
1475,18,18,15,1.384615385,,80.72744893,-119.6880759,5,5,5,5,5,5,6
1476,19,12,23,0.76,,-35.53738746,-89.44138914,3,11,3,3,3,11,11
1477,37,18,16,2.846153846,,-69.86458164,-41.4115883,4,5,4,4,4,5,5
1478,98,19,18,5.139308566,,-34.03230903,-29.76520031,4,8,4,4,4,8,8
1479,51,13,13,2.04,,24.41608023,-72.68134927,5,11,5,5,5,11,11
1480,24,18,19,1.846153846,,66.20067993,97.12135785,4,5,4,4,4,5,5
1481,39,20,17,3,,-4.640185056,-161.6596797,3,5,3,3,3,5,5
1482,78,12,16,3.12,,-59.42609918,-140.1669478,3,11,3,3,3,11,11
1483,78,11,25,6,,-85.27231037,83.00253429,3,5,3,3,3,5,5
1484,17,20,22,1.133333333,,-11.83651259,162.9804306,3,6,3,3,3,6,6
1485,82,14,22,3.8856848,,31.5536544,20.46950472,4,9,4,4,4,9,9
1486,71,10,15,2.84,,-14.71181462,-43.0009723,4,11,4,4,4,11,11
1487,31,15,15,2.384615385,,62.63353451,45.88787858,5,5,5,5,5,5,5
1488,86,18,18,3.763368716,,41.8665857,140.7986866,5,10,5,4,5,10,10
1489,52,12,16,4,,-71.10452125,-179.0849682,3,5,3,3,3,5,5
1490,61,12,24,4.692307692,,50.15370529,42.88339776,5,5,5,5,4,5,5
1491,81,11,19,3.24,,-19.73104674,-138.439303,3,11,3,3,3,11,11
1492,32,12,18,1.870588235,,57.85402231,167.6740171,5,7,5,5,5,7,7
1493,73,11,10,5.615384615,,-73.79393503,-77.57151202,3,5,3,3,3,5,5
1494,58,11,14,2.127407407,,11.14206953,-74.25963296,5,12,5,5,5,12,12
1495,40,17,25,2.055698069,,-66.8439178,49.38069253,4,8,3,4,4,8,8
1496,40,19,16,2.666666667,,50.14956898,75.98609822,5,6,5,4,5,6,6
1497,98,12,21,3.92,,-45.30690669,-123.0324112,3,11,3,3,3,11,11
1498,59,15,16,4.538461538,,37.57823115,-123.4354615,5,5,5,5,5,5,5
1499,41,18,19,2.733333333,,9.690617834,32.28028946,4,6,4,4,4,6,6
1500,27,19,14,2.405594406,,82.14219045,140.5059802,5,4,5,5,5,4,4
1501,66,16,10,3.458646617,,-39.86876832,171.5411053,3,8,3,3,3,8,8
1502,57,15,18,4.384615385,,-54.41405711,-68.01321408,4,5,4,3,4,5,5
1503,88,11,18,3.52,,77.30927215,-81.6777929,5,11,5,5,5,11,11
1504,16,18,18,1.066666667,,10.54829766,-154.3849508,5,6,5,5,5,6,6
1505,37,19,19,2.846153846,,-78.14966462,-79.97084179,3,5,3,3,3,5,5
1506,13,10,12,0.866666667,,73.06559964,-25.53214219,4,6,4,4,4,6,6
1507,77,16,10,3.648739496,,-0.273027573,-46.88843295,4,9,4,4,4,9,8
1508,61,16,13,4.692307692,,-68.14774759,27.53890666,4,5,4,4,4,5,5
1509,53,19,21,2.12,,61.00237141,26.82100237,4,11,4,4,4,11,11
1510,59,14,19,2.804098481,,38.31583293,150.7356525,5,9,5,5,5,9,9
1511,96,10,11,3.536296296,,-35.9662055,128.4182594,3,12,3,3,3,12,12
1512,78,11,22,6,,-80.30713936,-157.8527132,3,5,3,3,3,5,5
1513,67,10,22,3.517647059,,-51.53545975,-115.8476968,3,8,3,3,3,8,8
1514,24,15,20,1.846153846,,41.69669025,-42.07698437,5,5,5,5,5,5,5
1515,82,14,17,3.28,,-51.45555151,-36.85015801,4,11,4,4,4,11,11
1516,50,19,17,3.846153846,,42.31438808,-102.6505326,5,5,5,5,5,5,5
1517,80,10,24,4.687915377,,-14.33451937,-158.1924216,3,7,3,3,3,7,7
1518,37,10,11,2.846153846,,-86.7661693,-40.30646034,4,5,4,3,4,5,5
1519,61,20,25,4.692307692,,11.03149645,95.22760394,4,5,4,4,4,5,5
1520,23,18,23,0.92,,52.22638493,45.40574443,5,11,5,5,5,11,11
1521,26,14,18,0.962962963,,61.30419216,-98.26645597,5,12,5,5,4,11,12
1522,29,16,21,1.234782609,,48.45960325,165.7156872,5,10,5,5,5,10,10
1523,15,14,15,1,,0.426462783,109.8129684,4,6,4,4,3,6,6
1524,71,13,15,2.84,,43.90374022,73.63002203,4,11,4,4,4,11,11
1525,52,18,21,3.034704408,,64.41100427,-7.191142719,5,7,5,5,5,7,7
1526,78,15,23,6,,-38.29736271,-149.6199612,3,5,3,3,3,5,5
1527,71,20,12,2.6,,78.55428317,-27.42660378,5,12,5,5,5,12,12
1528,40,18,14,2.338935574,,47.36298365,-105.1171322,5,7,5,5,5,7,7
1529,69,19,10,3.241545039,,45.09062765,-168.3360439,4,9,4,5,5,9,9
1530,68,13,24,5.230769231,,-75.26699094,-5.231931452,4,5,4,4,4,5,5
1531,25,12,19,1,,76.70128063,50.01215927,5,11,5,5,5,11,11
1532,74,15,16,5.692307692,,40.89150997,-78.34452109,5,5,5,5,5,5,5
1533,38,16,23,2.533333333,,21.85451782,-69.79612462,4,6,4,4,5,6,6
1534,66,19,20,2.113541795,,31.59057363,-137.9342734,5,14,5,5,5,13,14
1535,41,18,18,2.733333333,,57.39889209,-19.68690343,4,6,4,5,5,6,6
1536,40,11,22,3.076923077,,-75.91645411,-157.7899915,3,5,3,3,3,5,5
1537,75,15,20,3,,-66.01911871,163.5015548,3,11,3,3,3,11,11
1538,89,17,12,5.23051747,,19.77316745,156.7270284,4,7,4,5,5,7,7
1539,64,15,15,4.923076923,,1.088806492,47.7422339,4,5,4,4,4,5,5
1540,51,13,11,1.86962963,,-27.41347136,-19.71292735,4,12,4,4,4,12,12
1541,95,12,17,4.517352204,,-27.95029004,-52.12789436,5,9,5,5,5,9,9
1542,30,13,14,2.307692308,,35.8449296,-35.18182744,5,5,5,5,5,5,5
1543,29,16,21,2.636363636,,22.15403145,17.97442839,4,4,4,4,4,3,4
1544,54,13,14,2.16,,34.48087965,-11.1729938,4,11,4,4,4,11,11
1545,45,18,22,3.461538462,,-12.71423587,109.7731759,3,5,3,4,3,5,5
1546,29,17,18,1.16,,78.69574844,-35.09342219,5,11,5,5,5,11,11
1547,50,19,13,2.443333333,,8.044473884,-175.386412,3,9,3,3,3,9,7
1548,16,13,18,0.64,,81.79358339,72.36087631,5,11,5,4,5,11,11
1549,18,15,11,0.662222222,,-42.40537744,-33.2538888,4,12,4,4,4,11,12
1550,62,13,23,2.48,,69.67750247,-151.4614125,5,11,5,5,5,11,11
1551,26,17,18,2.363636364,,87.67581724,130.7203088,5,4,5,5,5,4,4
1552,98,11,10,7.538461538,,26.27427156,66.2904914,4,5,4,4,4,5,5
1553,33,16,22,2.2,,-88.40349872,144.240845,3,6,3,3,3,6,6
1554,53,10,10,2.780156273,,-16.97779907,-10.44251277,4,8,4,4,4,8,8
1555,50,18,18,2,,-86.42096988,-28.90255988,3,11,3,3,3,11,11
1556,57,14,15,4.384615385,,17.21801957,88.27330485,4,5,4,4,4,5,5
1557,82,20,12,3.873713696,,81.21508437,-30.50056104,5,9,5,5,5,9,9
1558,23,14,11,0.92,,-34.75479675,171.6849327,3,11,3,3,3,11,11
1559,88,13,19,3.244444444,,-19.04027526,-147.407612,3,12,3,3,3,12,12
1560,13,16,24,1.444444444,,73.05571888,-18.89600304,4,3,4,4,4,3,3
1561,48,17,15,3.692307692,,1.480393459,-142.0770403,3,5,3,3,3,5,5
1562,83,11,24,4.340123839,,7.249727861,-161.7058656,3,8,3,3,3,8,8
1563,37,13,20,2.846153846,,-22.31600308,91.12376984,4,5,4,4,4,5,5
1564,71,18,14,2.84,,-82.78387538,100.8138038,3,11,3,3,3,11,11
1565,10,16,15,1.346984127,,37.87152607,-37.245431,5,2,5,5,5,2,2
1566,72,15,19,5.538461538,,46.44490343,-111.0778921,5,5,5,5,5,5,5
1567,64,19,14,3.012531328,,-89.77880083,72.70277809,3,9,3,3,3,9,9
1568,73,16,14,2.92,,28.21857135,-144.6064891,5,11,5,5,5,11,11
1569,17,11,21,1.887777778,,-58.09051012,111.641799,3,3,3,3,3,3,3
1570,75,20,15,3.532773109,,59.32249077,-39.33943523,4,9,4,4,4,9,9
1571,54,18,12,4.153846154,,-74.1256694,-175.4741985,3,5,3,3,3,5,5
1572,81,15,23,3.24,,-76.8408398,157.525661,3,11,3,3,3,11,11
1573,98,18,17,7.538461538,,35.39153072,-34.90178339,4,5,4,4,4,5,5
1574,96,10,25,4.563526463,,-52.98619685,115.9886502,3,9,3,3,3,9,9
1575,63,13,16,2.52,,23.02511543,-20.09377547,4,11,4,4,4,11,11
1576,47,11,18,3.615384615,,54.11320542,-12.09420913,5,5,5,5,5,5,5
1577,10,15,17,0.666666667,,-37.03038378,-43.95048601,4,6,4,4,4,6,6
1578,71,20,17,2.431060026,,79.08662468,106.2669063,5,13,5,5,5,13,11
1579,52,18,10,3.038655462,,-8.759951887,115.0965629,4,7,4,3,4,7,7
1580,58,19,13,4.461538462,,0.519237546,-0.993900358,5,5,5,4,5,5,5
1581,80,18,14,4.197346307,,74.72547589,139.2875958,5,8,5,5,5,8,8
1582,95,14,23,7.307692308,,47.63164508,146.7352135,5,5,5,5,5,5,5
1583,25,20,11,1,,51.96392961,-168.5548827,5,11,5,5,5,11,11
1584,26,17,12,1.04,,-47.50354785,-171.8021362,3,11,3,3,3,11,11
1585,13,15,18,0.52,,-46.94448091,-121.4678717,3,11,3,3,3,11,11
1586,25,15,24,1,,6.231712862,-70.10974052,5,11,5,5,5,11,11
1587,100,18,20,4.732655167,,-31.94558702,-25.70098186,4,9,4,4,4,9,9
1588,35,12,25,1.4,,-45.36180099,-13.82929709,4,11,4,4,4,11,11
1589,42,19,21,3.230769231,,-30.29444046,119.4307326,3,5,3,4,3,5,5
1590,33,16,10,2.538461538,,-12.53883069,-6.19109289,4,5,4,4,4,5,5
1591,80,15,22,3.2,,77.65486574,-148.3492,5,11,5,5,5,11,11
1592,45,12,13,3.461538462,,-47.75988023,-68.55120311,4,5,4,3,4,5,5
1593,64,11,11,3.764411028,,-33.30307289,16.28623235,4,7,4,4,4,7,7
1594,76,18,14,5.846153846,,6.307955559,57.92812891,4,5,4,4,4,5,5
1595,70,14,11,2.8,,-39.52707488,-159.9901245,3,11,3,3,3,11,11
1596,29,12,19,1.380175439,,35.85918493,-94.52714363,5,9,5,5,5,9,9
1597,24,17,14,1.6,,-41.63653958,-123.2666989,3,6,3,3,3,6,6
1598,83,12,10,3.32,,-54.68451862,-114.9424895,3,11,3,3,3,11,11
1599,17,16,16,1.133333333,,44.02028031,94.41325624,5,6,5,5,5,6,6
1600,81,11,17,6.230769231,,47.97137983,128.1208768,4,5,4,4,5,5,5
1601,75,20,23,3.525932478,,-35.43089148,140.2341915,3,9,3,3,3,9,9
1602,79,10,14,3.16,,-30.59312175,-4.284240317,4,11,4,4,4,11,11
1603,53,11,25,4.076923077,,28.93194312,-16.02447964,4,5,4,4,4,5,5
1604,23,10,20,1.533333333,,53.99823931,47.87101933,5,6,5,5,5,6,6
1605,96,18,11,4.559103641,,-83.88538377,-37.99340378,3,9,3,3,3,9,9
1606,30,13,23,2.713286713,,73.23797824,63.24745394,5,4,5,4,5,4,4
1607,56,16,23,2.24,,37.71295317,104.275677,5,11,5,4,5,11,11
1608,84,14,10,6.461538462,,-21.44715621,-141.7551693,3,5,3,3,3,5,5
1609,90,10,20,3.883915672,,-34.76958971,-146.4020759,3,10,3,3,3,10,11
1610,52,19,16,2.08,,-60.84658509,-154.3928647,3,11,3,3,3,11,11
1611,40,10,16,1.6,,70.82106108,-73.6573404,5,11,5,5,5,11,11
1612,46,10,22,3.538461538,,76.60263723,13.46313565,5,5,5,5,5,5,5
1613,11,14,15,0.44,,1.276682218,32.78367027,4,11,4,4,4,11,11
1614,93,17,17,4.414005602,,-48.60203783,-36.58425198,4,9,4,4,4,9,9
1615,35,14,11,2.692307692,,-50.5551962,41.81608484,4,5,4,4,4,5,5
1616,72,10,10,2.88,,51.36824148,-96.68251417,5,11,5,5,5,11,11
1617,33,11,13,2.538461538,,47.79061112,-8.825786044,4,5,4,5,5,5,5
1618,38,15,11,2.923076923,,54.94223618,-53.41779357,5,5,5,5,5,5,5
1619,26,18,23,1.04,,-59.00164191,63.41320772,4,11,4,4,4,11,11
1620,32,13,23,2.909090909,,-55.68762351,15.47877401,4,4,4,4,4,4,4
1621,58,16,17,2.745098039,,-68.48668898,-122.6339034,3,9,3,3,3,9,9
1622,64,15,14,2.37037037,,26.11850214,-129.5903312,5,12,5,5,5,12,11
1623,42,19,13,3.230769231,,-32.75845525,38.91004655,4,5,4,4,4,5,5
1624,71,18,13,4.174189886,,-10.48448471,-39.99943327,4,7,4,4,4,7,7
1625,11,18,22,0.44,,-16.01316115,-75.53642793,5,11,5,5,5,11,11
1626,35,12,22,2.692307692,,4.03862943,83.62394768,4,5,4,4,4,5,5
1627,76,11,16,2.605466156,,-87.87871823,86.80637533,3,13,3,3,3,13,13
1628,26,11,23,2,,-36.67407883,-150.3787713,3,5,3,3,3,5,5
1629,43,11,23,3.307692308,,84.19854593,178.0646553,5,5,5,5,5,5,5
1630,15,13,13,1,,75.26950027,-124.7849287,5,6,5,5,5,6,6
1631,30,19,25,2,,-63.38741996,52.37642906,3,6,3,4,3,6,6
1632,23,17,15,2.485625486,,-68.71318931,-2.888465015,3,3,3,3,3,3,3
1633,18,17,18,0.72,,77.03109415,115.5885348,5,11,5,5,5,11,11
1634,78,20,25,4.535780628,,-70.66336629,3.518175004,3,7,4,4,3,7,7
1635,10,13,20,1.396825397,,-27.83776826,-168.7357789,3,2,3,3,3,2,2
1636,75,15,10,3,,-0.916487524,-128.6756758,5,11,5,5,5,11,11
1637,16,16,10,1.676767677,,-79.08148425,55.05037527,3,3,3,3,3,3,3
1638,65,10,22,5,,20.88368496,66.14410574,4,5,4,4,4,5,5
1639,83,15,14,4.83019313,,-2.995906111,8.196014351,4,7,4,4,4,7,7
1640,20,16,24,0.8,,22.86261838,-153.7479471,5,11,5,5,5,11,11
1641,97,18,22,3.88,,17.89476159,0.006665844,4,11,4,4,4,11,11
1642,61,14,16,4.692307692,,8.734755534,-152.3630328,5,5,5,5,5,5,5
1643,71,14,10,3.371428571,,-11.07842282,-3.121088595,4,9,4,4,4,9,9
1644,15,19,17,1.564102564,,-38.93780937,-149.6360345,3,3,3,3,3,3,3
1645,54,13,22,4.153846154,,-75.89491635,-148.3928015,3,5,3,3,3,5,5
1646,15,14,15,0.6,,-53.35132103,109.8181093,3,11,3,3,3,11,11
1647,18,11,10,0.72,,-47.13923733,90.157507,4,11,4,3,3,11,11
1648,26,13,17,1.04,,-21.98532259,-0.332840323,4,11,4,4,4,11,11
1649,70,11,11,2.405517241,,47.31251087,83.22362184,5,13,5,5,5,13,13
1650,22,15,16,2.424242424,,-56.98880078,161.2127072,3,3,3,3,3,3,3
1651,14,13,12,0.933333333,,48.67984686,7.918100803,4,6,4,4,5,6,6
1652,38,11,19,2.533333333,,-81.45978472,-128.1945538,3,6,3,3,3,6,6
1653,96,10,24,7.384615385,,10.64687931,-154.764288,5,5,5,3,5,5,5
1654,97,14,12,5.093527937,,19.33966846,28.51679633,4,8,4,4,4,8,8
1655,72,15,23,2.88,,-81.78871433,-138.7867511,3,11,3,3,3,11,11
1656,20,18,19,1.538461538,,-31.70774958,-118.2126674,3,5,3,3,3,5,5
1657,27,18,16,2.412587413,,77.15887915,70.48320997,5,4,5,5,5,4,4
1658,73,17,24,4.237417072,,69.00222632,-56.63273406,5,7,5,5,5,7,7
1659,10,20,15,1.334776335,,6.103727844,-82.37856345,4,2,4,5,5,2,2
1660,60,17,19,2.4,,20.72981305,1.466204869,4,11,4,4,4,11,11
1661,85,12,21,6.538461538,,82.38833329,-159.1896316,5,5,5,5,5,5,5
1662,31,18,10,2.066666667,,-33.24546225,-0.59315514,4,6,4,4,4,6,6
1663,33,13,21,1.32,,-86.16852372,-161.0955201,3,11,3,3,3,11,11
1664,24,16,13,1.6,,2.925989109,-143.9319486,5,6,5,5,5,6,6
1665,83,11,21,6.384615385,,-37.8931904,-56.08533322,4,5,4,4,4,5,5
1666,37,19,12,1.48,,-15.9904956,-6.41440808,4,11,4,4,4,11,11
1667,90,11,24,5.267010172,,45.88232145,30.35222357,5,7,5,5,5,7,7
1668,63,18,18,2.52,,6.327069625,-107.6275739,5,11,5,5,5,11,11
1669,84,15,23,3.11,,3.934823396,93.72165028,4,12,4,4,4,12,12
1670,92,12,22,7.076923077,,-68.55613297,-168.1475857,3,5,3,3,3,5,5
1671,37,16,25,1.914117647,,-21.34259246,41.65477339,4,8,4,4,4,8,8
1672,81,16,10,4.72201091,,52.6672096,-72.55589639,5,7,5,5,5,7,7
1673,12,17,13,0.48,,39.90078907,160.2672474,5,11,5,5,5,11,11
1674,98,10,12,3.92,,-75.67979379,165.9918348,3,11,3,3,3,11,11
1675,20,20,18,1.538461538,,-9.305828222,175.2991093,3,5,3,3,3,5,5
1676,32,10,22,2.461538462,,73.82635707,-164.3749958,5,5,5,5,5,5,5
1677,16,14,19,1.066666667,,-46.79262225,-159.8625762,3,6,3,3,3,6,6
1678,51,18,22,3.923076923,,22.44224214,53.66441863,4,5,4,4,4,5,5
1679,74,15,21,3.84896506,,-22.34613755,-79.13637567,5,8,3,5,5,8,8
1680,61,19,19,2.44,,74.15115433,-44.66003849,5,11,5,5,5,11,11
1681,91,16,21,7,,-86.33819277,-121.6919005,3,5,3,3,3,5,5
1682,88,18,14,3.803800999,,-48.7010316,-138.6709095,3,10,3,3,3,10,10
1683,79,12,25,3.16,,62.80538283,-59.94968977,5,11,5,5,5,11,11
1684,83,14,16,6.384615385,,-70.10701868,56.19086508,4,5,4,4,4,5,5
1685,41,10,17,2.733333333,,-69.04814925,12.87374008,4,6,3,4,4,6,6
1686,99,20,24,-1,,71.91993003,-28.40324317,4,15,4,4,4,13,15
1687,94,17,24,4.085571986,,32.15143165,-22.01425507,5,10,5,5,5,10,10
1688,76,15,12,5.846153846,,-77.32772556,-165.7662822,3,5,3,3,3,5,5
1689,55,17,20,4.230769231,,82.14564883,-26.90073284,5,5,5,5,5,5,5
1690,89,19,17,3.56,,39.73297499,25.29175311,4,11,4,4,4,11,11
1691,26,20,21,1.733333333,,-88.33536274,-69.1598528,3,6,3,3,3,6,6
1692,29,10,22,1.933333333,,78.95467548,-118.8795908,5,6,5,5,5,6,6
1693,44,14,23,2.297213622,,-4.20737882,93.05215452,4,8,4,4,4,8,8
1694,99,15,15,7.615384615,,32.32836863,-171.6199109,3,5,5,5,5,5,5
1695,21,17,22,0.84,,-9.258775366,-122.3163076,3,11,3,3,3,11,11
1696,50,12,12,1.714482759,,-25.69442512,-54.13026685,4,13,4,5,4,12,13
1697,58,16,10,3.041102757,,-80.38446838,-78.70504857,3,8,3,3,3,8,8
1698,98,18,11,3.92,,-85.34876755,7.664814516,3,11,3,3,3,11,11
1699,100,19,10,5.232453192,,-67.91647704,-65.46698004,3,8,3,3,3,8,8
1700,52,15,24,4,,-41.62427312,21.83609553,4,5,4,4,4,5,5
1701,95,16,15,3.253128991,,61.46459626,-75.16291362,5,13,5,5,5,13,13
1702,76,15,15,5.846153846,,16.24081905,-10.06022985,4,5,4,4,4,5,5
1703,38,13,19,2.533333333,,-32.50935482,70.19018132,4,6,4,4,3,6,6
1704,95,16,19,7.307692308,,-64.11835657,-148.3941504,3,5,3,3,3,5,5
1705,55,13,16,3.666666667,,-58.68218452,-99.37631182,3,6,3,3,3,6,6
1706,83,12,10,4.319494324,,-7.670942732,5.265400418,4,8,4,4,4,8,8
1707,43,18,17,1.72,,52.53319767,-24.77904262,5,11,5,5,5,11,11
1708,89,18,10,3.56,,-34.20654137,143.1018125,3,11,3,3,3,11,11
1709,17,15,16,1.88034188,,58.98330205,60.2816584,5,3,5,5,5,3,3
1710,41,17,21,3.153846154,,42.64688944,144.2553264,5,5,5,5,5,5,5
1711,79,16,16,4.614005602,,19.80349112,157.9653273,4,7,4,5,5,7,7
1712,16,13,17,1.696969697,,65.62374652,-101.3021712,5,3,5,5,5,3,3
1713,45,19,19,3.461538462,,-80.38395799,2.646676408,3,5,3,3,3,5,5
1714,36,16,15,1.44,,-75.0569484,50.86649872,3,11,3,4,3,11,11
1715,20,14,14,0.8,,-54.96865876,-82.86015525,3,11,3,3,3,11,11
1716,99,18,18,7.615384615,,-57.05326045,52.30135229,4,5,4,4,4,5,5
1717,27,18,24,1.8,,44.17845026,-46.60410161,5,6,5,5,5,6,6
1718,28,19,25,1.025185185,,68.12281029,119.5767266,5,12,5,5,5,12,11
1719,22,19,16,1.466666667,,67.23883177,-67.86567209,4,6,4,5,5,6,6
1720,93,10,13,3.442962963,,-67.88924705,46.56057772,4,12,4,3,3,12,12
1721,81,15,15,3.825770308,,51.14492068,-129.916402,5,9,5,5,5,9,9
1722,39,19,23,3,,59.27779124,15.03631024,4,5,4,4,4,5,5
1723,88,14,25,4.185994398,,-9.296733005,122.0283587,3,9,4,4,3,9,9
1724,37,13,23,2.846153846,,-25.32612617,-74.74740873,5,5,5,5,4,5,5
1725,68,14,22,2.72,,2.846002749,30.8232133,4,11,4,4,4,11,11
1726,75,11,14,5.769230769,,-10.81571546,-63.06987734,4,5,4,4,4,5,5
1727,100,10,23,3.688888889,,-17.71387798,-91.07087032,3,12,3,3,3,12,12
1728,80,19,21,3.442706511,,29.86034869,-111.1590049,5,10,5,5,5,10,11
1729,57,12,25,4.384615385,,-55.15537697,110.3638016,3,5,3,3,3,5,5
1730,58,16,12,4.461538462,,-43.146015,174.8784125,3,5,3,3,3,5,5
1731,22,20,24,1.466666667,,65.12279985,154.8838077,5,6,5,5,5,6,6
1732,64,16,14,3.73557423,,80.84973831,170.6089398,4,7,5,5,5,7,7
1733,24,19,13,0.96,,41.52344053,-115.1349845,4,11,4,5,4,11,11
1734,58,19,10,2.112592593,,60.21184989,96.70103021,4,12,4,5,5,12,12
1735,69,10,18,5.307692308,,-59.32763249,-0.455506481,4,5,4,4,4,5,5
1736,51,17,19,3.4,,66.08702838,-94.30601245,5,6,5,5,5,6,6
1737,81,10,10,3.24,,35.77460891,-116.6994603,4,11,5,5,5,11,11
1738,62,16,25,4.769230769,,-15.26825626,36.44282449,4,5,4,4,4,5,5
1739,11,20,20,0.733333333,,-36.9143641,-111.4867712,3,6,3,3,5,6,6
1740,92,12,18,4.349019608,,88.969172,-168.9689788,5,9,5,5,5,9,9
1741,16,17,22,0.64,,-29.1765439,-133.4376963,3,11,3,3,3,11,11
1742,60,13,23,4.615384615,,-43.13144397,150.3008928,3,5,3,3,3,5,5
1743,33,11,23,1.32,,-74.89976625,142.7598249,3,11,3,3,3,11,11
1744,45,15,21,1.8,,-14.12493633,111.5496426,4,11,4,4,3,11,11
1745,62,16,15,4.769230769,,-55.13375007,-159.422213,3,5,3,3,3,5,5
1746,93,18,12,4.40952381,,-74.43167246,-4.56892183,3,9,3,3,3,9,9
1747,50,20,25,2,,-85.59101413,115.644259,3,11,3,3,3,11,11
1748,95,12,15,7.307692308,,29.36589307,-43.8865488,5,5,4,5,5,5,5
1749,81,20,14,3.24,,44.9940813,20.77093287,4,11,4,4,4,11,11
1750,18,20,22,1.2,,30.49552771,-51.41378247,5,6,4,5,5,6,6
1751,77,10,11,3.34483908,,-24.75596518,-155.1826744,3,10,3,3,3,10,10
1752,14,13,22,1.974025974,,8.073612129,33.17989241,4,2,4,4,4,2,3
1753,78,11,23,6,,88.646809,138.1877656,5,5,5,5,5,5,5
1754,49,19,19,1.96,,70.06414408,1.137336137,4,11,4,4,4,11,11
1755,87,15,21,5.073389356,,-44.44138611,-29.22676948,4,7,4,4,4,7,7
1756,44,12,15,1.613333333,,-2.354889966,-8.875151619,5,12,5,5,5,12,11
1757,25,12,21,2.272727273,,-13.23815125,17.15729867,4,4,4,4,4,4,4
1758,91,16,17,3.64,,-81.97231456,151.0866105,3,11,3,3,3,11,11
1759,59,13,15,4.538461538,,75.46264459,-1.148919964,5,5,5,5,5,5,5
1760,54,11,13,3.6,,-53.14865971,-60.10830766,3,6,3,3,4,6,6
1761,72,10,17,5.538461538,,-66.34571166,71.04350461,3,5,3,3,3,5,5
1762,92,10,14,4.794692614,,-27.07018698,14.85373136,4,8,4,4,4,8,8
1763,12,10,14,0.48,,54.62018427,-20.2582288,5,11,5,5,5,11,11
1764,25,17,25,1,,-5.923473289,139.0578542,3,11,3,3,3,11,11
1765,51,18,22,2.04,,27.74420547,129.261752,5,11,5,4,5,11,11
1766,11,13,25,1,,-5.168935672,-157.3537884,3,4,3,3,3,4,4
1767,86,13,12,3.44,,19.97325551,21.51138348,4,11,4,4,4,11,11
1768,58,16,19,4.461538462,,63.60640782,96.22081725,4,5,4,4,5,5,5
1769,100,17,19,5.833613445,,35.40674964,23.70733192,4,7,4,4,4,7,7
1770,94,12,10,7.230769231,,41.25552083,170.3437694,5,5,5,5,5,5,5
1771,95,20,12,3.264533844,,88.16622916,125.9739591,5,13,5,5,5,13,13
1772,15,10,10,1,,-23.70624758,84.7302093,4,6,4,3,3,6,6
1773,79,17,12,3.728851541,,58.64023504,102.4990175,5,9,5,5,5,9,9
1774,34,20,16,2.615384615,,-66.81816815,-178.3496448,3,5,3,3,3,5,5
1775,79,18,19,6.076923077,,78.66489629,-39.1355226,5,5,5,5,5,5,5
1776,31,19,19,1.24,,9.502503412,-0.531744881,4,11,4,4,4,11,11
1777,40,14,20,2.346778711,,35.3977416,6.175770198,4,7,4,4,4,7,7
1778,98,11,22,3.92,,-80.6080857,104.9159106,3,11,3,3,3,11,11
1779,72,17,18,5.538461538,,8.03973311,159.3407882,5,5,5,4,5,5,5
1780,96,20,16,4.547338936,,42.35555642,-46.70782179,5,9,5,4,5,9,9
1781,35,19,18,2.692307692,,-42.79749619,51.71105727,4,5,4,4,4,5,5
1782,64,10,16,2.56,,-5.827440064,-83.89357366,5,11,5,5,5,11,11
1783,19,17,15,1.266666667,,65.3076215,71.28844644,5,6,5,5,5,6,6
1784,12,20,11,1.333333333,,80.91819713,128.42758,5,3,5,5,5,3,3
1785,53,11,15,2.283229814,,61.54844823,-110.0155108,5,10,5,5,5,10,10
1786,75,11,17,5.769230769,,20.39123858,-139.2940961,5,5,5,5,5,5,5
1787,12,11,20,0.48,,51.45375022,127.9913888,5,11,5,5,5,11,11
1788,63,13,10,2.52,,50.6705913,84.77158967,4,11,4,4,4,11,11
1789,64,13,15,3.003361345,,81.42181397,78.06202092,4,9,5,5,5,9,9
1790,39,19,11,3,,14.36735088,-31.60143311,4,5,5,4,4,5,5
1791,48,17,16,3.692307692,,-15.85651987,45.48031471,4,5,4,4,4,5,5
1792,36,20,12,2.4,,12.19551179,-20.51544598,4,6,4,4,4,6,6
1793,31,17,10,1.24,,60.9297446,-157.4392655,5,11,5,5,5,11,11
1794,79,19,17,3.16,,33.53791834,-85.50001968,5,11,5,5,5,11,11
1795,37,20,12,2.466666667,,14.35263019,134.5487744,3,6,3,4,5,6,6
1796,57,10,16,4.384615385,,-79.87621966,145.0922644,3,5,3,3,3,5,5
1797,79,14,25,3.44648828,,18.3806049,-121.4240932,5,10,5,5,5,10,10
1798,67,20,15,2.68,,-31.40027443,78.84961063,3,11,3,4,3,11,11
1799,52,18,24,4,,73.92130134,158.3818728,4,5,5,5,5,5,5
1800,15,14,24,1,,-47.31015875,-70.19084497,3,6,4,3,3,6,6
1801,43,16,25,3.307692308,,62.61706261,2.375149544,5,5,5,5,5,5,5
1802,18,12,10,0.943859649,,-63.22845477,-145.962817,3,8,3,3,3,8,6
1803,11,13,20,0.733333333,,-11.02627871,103.5668183,4,6,4,4,3,6,6
1804,43,18,20,1.72,,-60.39407255,135.2680454,3,11,3,3,3,11,11
1805,43,13,12,2.478431373,,-15.52947444,-100.1649451,3,7,3,3,3,7,7
1806,37,13,20,2.846153846,,10.89498493,86.05619622,4,5,4,4,4,5,5
1807,41,15,14,1.518518519,,70.74893608,146.8272936,5,12,5,5,5,12,12
1808,32,19,11,2.133333333,,26.00049769,-73.69558103,4,6,4,4,4,6,6
1809,56,17,24,4.307692308,,34.78535767,-64.48703974,4,5,4,4,5,5,5
1810,94,12,16,5.519327731,,57.18381907,56.56501557,5,7,5,4,4,7,7
1811,75,12,17,3,,-39.95640584,-179.6813869,3,11,3,3,3,11,11
1812,30,16,14,2.72027972,,47.07067029,-124.786228,5,4,5,5,5,4,4
1813,13,14,21,1.842823843,,20.57706305,113.5542742,5,2,5,4,5,2,2
1814,18,14,13,1.949494949,,-19.68054405,-9.85576645,4,3,4,4,4,3,3
1815,75,15,23,5.769230769,,-80.88424478,-72.77812937,3,5,3,3,3,5,5
1816,61,14,17,2.44,,41.74383774,-142.7585388,5,11,5,5,5,11,11
1817,56,12,18,3.285714286,,-58.38400329,56.53158569,3,7,3,4,3,7,7
1818,20,20,21,0.8,,18.13650239,-125.913076,5,11,5,5,5,11,11
1819,31,19,25,1.823529412,,-84.00030366,72.18015523,3,7,3,3,3,7,7
1820,38,18,24,2.923076923,,-12.7802741,23.61399179,4,5,4,4,4,5,5
1821,54,11,23,2,,35.72453622,-120.4121971,5,12,5,5,5,12,12
1822,61,14,12,3.165914787,,-6.507794735,14.51419025,4,8,4,4,4,8,8
1823,15,11,20,2.125541126,,34.53474745,76.87474682,4,2,4,4,4,2,2
1824,21,14,20,0.84,,-69.18359942,-125.6570312,3,11,3,3,3,11,11
1825,95,12,17,7.307692308,,87.04012273,155.1738548,5,5,5,5,5,5,5
1826,65,12,13,3.774789916,,17.19048686,125.5797226,4,7,4,4,4,7,7
1827,30,15,10,1.2,,-78.04754157,-21.29053211,3,11,3,3,3,11,11
1828,85,11,12,3.4,,38.58949753,-37.58949592,5,11,5,5,5,11,11
1829,59,20,10,4.538461538,,-75.71031032,125.0970467,3,5,3,3,3,5,5
1830,40,11,15,2.305322129,,57.9227677,-60.18032875,5,7,5,5,5,7,7
1831,47,15,18,1.617931034,,55.71434392,163.2699418,4,13,4,4,4,13,13
1832,21,10,10,1.4,,-87.47328534,-35.05547877,3,6,3,3,3,6,6
1833,28,10,23,2.153846154,,-88.9825116,-140.91301,3,5,3,3,3,5,5
1834,62,12,19,3.619047619,,-18.33403447,159.4422746,3,7,3,3,3,7,7
1835,55,11,23,4.230769231,,43.58046338,137.8635598,4,5,4,4,4,5,5
1836,48,13,25,1.92,,11.18190192,-162.3189156,3,11,3,3,5,11,11
1837,59,15,10,4.538461538,,-64.64526565,71.49234894,3,5,4,3,3,5,5
1838,79,20,17,3.16,,62.32202571,165.7535125,5,11,5,5,5,11,11
1839,84,16,25,3.971988796,,52.93968449,161.2188949,5,9,5,5,5,9,9
1840,53,19,10,4.076923077,,-85.5944987,-87.10487514,3,5,3,3,3,5,5
1841,64,11,23,2.56,,76.86904419,-112.4729465,5,11,5,5,5,11,11
1842,12,16,10,1.333333333,,52.20640616,-160.4163396,4,3,4,4,4,3,3
1843,22,15,25,1.466666667,,-15.33429539,-28.55090786,4,6,5,4,4,6,6
1844,98,18,21,7.538461538,,-41.8711878,-35.1303094,4,5,4,4,4,5,5
1845,61,20,20,3.588235294,,-22.16061007,179.6459995,3,7,3,3,3,7,7
1846,79,14,17,3.16,,-66.8867905,168.7885238,3,11,3,3,3,11,11
1847,34,19,25,1.977591036,,11.66526394,-143.4365717,5,7,5,5,5,7,7
1848,30,11,20,2.727272727,,16.86442649,-26.72106491,4,4,4,4,4,4,4
1849,22,12,14,1.466666667,,83.01349049,12.58793484,5,6,5,5,5,6,6
1850,98,20,17,7.538461538,,-11.95775654,153.0198959,3,5,3,3,3,5,5
1851,92,20,12,4.350140056,,76.45795617,-51.57981088,5,9,5,5,5,9,9
1852,61,13,25,2.238518519,,1.909931938,-34.38733841,4,12,4,4,4,12,12
1853,26,11,15,1.04,,24.50389165,-58.29861514,4,11,4,5,5,11,11
1854,92,12,20,3.392592593,,27.15056978,-125.451559,5,12,5,5,5,12,12
1855,87,15,23,4.129971989,,83.95575666,-31.24548187,5,9,5,5,5,9,9
1856,30,18,23,2.307692308,,3.585260215,148.1937996,3,5,3,3,3,5,5
1857,47,16,11,3.615384615,,69.56498129,-89.53621759,5,5,5,5,5,5,5
1858,88,15,23,3.52,,-79.63365797,48.60895135,3,11,3,4,3,11,11
1859,79,12,21,6.076923077,,54.82474992,107.5952443,4,5,4,5,5,5,5
1860,100,10,15,5.212030075,,67.35945404,129.8290547,4,8,4,4,4,8,8
1861,90,10,16,3.123703704,,-64.6881766,51.43704404,3,13,3,3,3,13,13
1862,99,15,23,7.615384615,,-62.81709239,164.5470815,3,5,3,3,3,5,5
1863,57,13,24,3.32605042,,-22.98017455,175.1813271,3,7,3,3,3,7,7
1864,92,18,12,3.99716042,,19.99077479,-37.97070957,5,10,5,5,5,10,10
1865,95,15,19,3.518518519,,-66.06889207,20.73902514,4,12,4,4,4,12,11
1866,14,20,22,1.487179487,,-57.66077937,120.0146266,3,3,3,4,3,3,3
1867,45,13,12,3.461538462,,16.7706051,-170.4143976,5,5,5,5,5,5,5
1868,21,12,15,1.909090909,,-58.00078469,-125.5748828,3,4,3,3,3,4,4
1869,87,12,17,6.692307692,,-74.65957463,143.3031649,3,5,3,3,3,5,5
1870,77,11,22,3.328722061,,-31.21364248,-30.2560655,4,10,4,4,4,10,10
1871,66,17,25,2.64,,64.68949892,130.6824113,5,11,4,4,5,11,11
1872,32,17,12,1.28,,-1.546997925,-116.6600345,5,11,5,5,5,11,11
1873,24,15,21,2.174825175,,-8.498123868,-71.04345132,4,4,4,4,4,4,4
1874,31,11,24,2.066666667,,89.26973403,54.16915565,5,6,5,5,5,6,6
1875,12,11,14,0.923076923,,-33.76509188,-16.94417902,4,5,4,4,4,5,5
1876,55,11,22,2.07,,39.48162075,-66.52944836,4,12,4,5,5,12,12
1877,35,19,24,2.692307692,,20.62164011,35.57157456,4,5,4,4,4,5,5
1878,63,15,15,4.2,,70.24505544,76.91445704,5,6,5,5,5,6,6
1879,39,12,15,3,,-34.54942675,-136.6870963,3,5,3,3,3,5,5
1880,46,14,24,3.538461538,,-79.58318034,142.937559,3,5,3,3,3,5,5
1881,67,12,11,2.68,,-71.73145921,5.080938174,3,11,3,3,4,11,11
1882,39,15,15,2.6,,-86.85350048,101.5026406,3,6,3,3,3,6,6
1883,87,18,24,4.11372549,,-79.76007214,-117.3235545,3,9,3,3,3,9,9
1884,55,13,24,4.230769231,,82.50243573,-22.82759017,5,5,5,5,5,5,5
1885,95,13,16,3.8,,59.53773677,-37.18665466,5,11,5,5,5,11,11
1886,10,11,11,1.428571429,,28.91233589,-149.5994358,5,2,5,5,5,2,2
1887,16,18,15,1.230769231,,64.43036027,-92.69683996,5,5,5,5,5,5,5
1888,70,19,17,5.384615385,,-27.48275035,178.1249203,3,5,3,3,3,5,5
1889,87,16,15,3.780254985,,19.25714278,43.08865297,4,10,4,4,4,10,10
1890,10,17,21,0.4,,48.73752341,-57.95425672,4,11,4,5,5,11,11
1891,37,20,24,1.48,,32.50567475,-63.37427332,4,11,4,5,5,11,11
1892,61,16,25,4.692307692,,64.14318046,-101.6373534,5,5,5,5,4,5,5
1893,98,19,10,3.6,,-16.15674655,56.750405,4,12,4,4,4,12,11
1894,25,15,25,1.666666667,,-61.58652109,-142.7301333,3,6,3,3,3,6,6
1895,26,11,12,1.733333333,,-61.70439719,23.07319342,4,6,3,3,3,6,6
1896,91,11,12,7,,-10.43963902,-38.4798525,4,5,4,5,4,5,5
1897,20,13,20,0.933333333,,-56.88549112,22.83129926,4,9,4,4,4,9,9
1898,30,12,22,2,,-12.77857849,-117.9172631,3,6,3,3,3,6,6
1899,52,15,18,3.035294118,,59.27218728,-132.5092171,5,7,5,5,5,7,7
1900,78,20,11,2.664827586,,-43.7556474,-45.83960546,5,13,4,4,4,13,13
1901,15,11,18,1.626262626,,64.09148269,74.16668688,5,3,5,5,5,3,3
1902,38,12,14,2.923076923,,76.44218928,-3.101847235,5,5,5,5,5,5,5
1903,91,15,16,4.368823529,,41.28481974,21.47213872,4,9,4,4,4,9,9
1904,31,20,22,2.384615385,,-37.04960613,162.6876221,3,5,3,3,3,5,5
1905,50,12,19,2,,65.30519463,-114.6658429,5,11,5,5,5,11,11
1906,54,20,20,2.16,,23.37755685,146.1518002,5,11,5,4,5,11,11
1907,42,15,19,3.230769231,,79.44140649,-52.81238786,5,5,5,5,5,5,5
1908,59,11,21,3.102481203,,62.38667479,56.22191149,4,8,4,5,4,8,8
1909,18,19,23,1.384615385,,-46.20673813,80.46429764,3,5,3,4,3,5,5
1910,22,11,18,2.376068376,,-36.8366834,-5.234357686,4,3,4,4,4,3,3
1911,96,17,20,3.84,,-7.122495143,24.80827866,4,11,4,4,4,11,11
1912,61,18,14,4.692307692,,-37.57318391,169.0797077,3,5,3,3,3,5,5
1913,23,20,16,1.533333333,,-12.96714796,-110.5587485,3,6,3,3,3,6,6
1914,47,14,21,3.133333333,,22.38172627,141.6248399,5,6,5,5,5,6,6
1915,99,19,20,7.615384615,,72.63534039,-32.38994293,5,5,5,5,5,5,5
1916,81,13,21,3.24,,-68.71643397,-34.25631704,3,11,3,3,3,11,11
1917,71,10,11,3.715818959,,-37.72717153,113.2364298,3,8,3,3,3,8,8
1918,33,16,16,2.2,,75.76622807,-54.96644684,5,6,5,5,5,6,6
1919,33,13,10,1.32,,-86.46449145,58.16769727,3,11,3,3,3,11,11
1920,78,19,10,6,,-78.2548876,130.6814931,3,5,3,3,3,5,5
1921,26,14,19,1.733333333,,-27.76625717,54.16285076,4,6,4,4,4,6,6
1922,78,12,10,3.12,,69.61498571,-166.0637883,5,11,5,5,5,11,11
1923,86,16,16,3.721568563,,36.67480111,2.72808669,4,10,4,4,4,10,10
1924,46,20,25,3.538461538,,86.88698215,-146.4813972,5,5,5,5,5,5,5
1925,46,10,18,1.84,,73.7469503,-140.1145242,5,11,5,5,5,11,11
1926,38,19,23,2.923076923,,68.94814207,-157.6497501,4,5,5,5,4,5,5
1927,33,13,18,2.2,,21.92604797,-123.7909651,5,6,5,5,5,6,6
1928,44,13,20,1.76,,-43.22316972,-25.96402519,4,11,4,4,4,11,11
1929,82,17,10,6.307692308,,-13.27276318,-7.367374186,4,5,4,4,4,5,5
1930,100,14,21,4.742857143,,-36.19798742,-43.92821364,4,9,4,4,4,9,9
1931,25,12,15,1,,-76.70304252,114.0541321,3,11,3,3,3,11,11
1932,63,16,14,2.52,,22.18679656,-58.11664211,4,11,4,4,4,11,11
1933,83,18,19,6.384615385,,70.9984196,22.26785229,5,5,5,5,5,5,5
1934,45,16,20,2.368421053,,19.17322189,177.7126586,3,8,3,5,3,8,8
1935,58,12,11,2.32,,-22.50619734,-101.3764948,3,11,3,3,3,11,11
1936,81,10,22,3.819047619,,-50.15949536,-177.5330112,3,9,3,3,3,9,9
1937,40,16,12,3.076923077,,-25.29624353,-160.5387861,3,5,3,3,3,5,5
1938,53,18,19,1.814814815,,61.08631921,-29.74769479,5,13,4,5,5,13,13
1939,16,18,20,0.64,,-56.73354489,-83.26911785,3,11,3,3,3,11,11
1940,70,11,15,5.384615385,,-25.87776165,98.11851703,4,5,4,3,4,5,5
1941,79,15,19,5.266666667,,54.22238825,142.9792255,5,6,5,4,4,6,5
1942,93,17,16,3.72,,-14.71610911,-93.72368852,4,11,4,4,4,11,11
1943,40,15,22,3.076923077,,48.05183719,126.6352847,5,5,5,5,5,5,5
1944,17,20,16,1.133333333,,-76.783699,-134.584504,3,6,3,3,3,6,6
1945,48,16,10,1.92,,78.19243788,-176.6123024,5,11,5,5,5,11,11
1946,100,20,22,4.742857143,,1.89601901,-13.69559983,4,9,4,4,4,9,9
1947,19,14,20,1.461538462,,11.41333582,-169.4623752,3,5,3,5,3,5,5
1948,62,11,11,4.769230769,,-18.81493542,-47.76878284,4,5,4,5,4,5,5
1949,60,14,15,2.4,,-17.37673288,-175.5555957,3,11,3,3,3,11,11
1950,31,19,14,2.384615385,,-34.13055243,-12.54417041,4,5,4,4,4,5,5
1951,67,17,24,3.180952381,,15.4397097,-175.6575929,5,9,5,3,3,9,9
1952,90,15,13,6.923076923,,-78.37775392,-129.7257461,3,5,3,3,3,5,5
1953,17,14,21,0.68,,56.88988584,-58.541366,5,11,5,5,5,11,11
1954,42,18,23,1.536296296,,-16.89554588,2.74121669,4,12,4,4,4,12,12
1955,40,12,19,2.666666667,,9.366138549,20.74122224,4,6,4,4,4,6,6
1956,28,13,16,1.12,,82.94347065,-174.7307662,5,11,5,5,5,11,11
1957,87,20,22,3.48,,-11.65780956,176.628569,3,11,3,3,3,11,11
1958,31,16,11,2.066666667,,-49.62088614,-178.8712861,3,6,3,3,3,6,6
1959,74,15,13,5.692307692,,-59.3297667,-152.7086864,3,5,3,3,3,5,5
1960,96,10,20,5.018988648,,-12.25072284,-177.8862567,3,8,3,3,3,8,8
1961,23,15,15,1.769230769,,46.68865922,144.3293816,5,5,5,5,5,5,5
1962,89,18,12,3.56,,7.130212966,135.3545374,4,11,4,4,4,11,11
1963,70,18,10,5.384615385,,33.65108572,-7.782080814,4,5,4,4,4,5,5
1964,89,11,23,4.668789621,,42.77014843,137.8118772,4,8,4,4,4,8,9
1965,27,11,20,2.454545455,,-42.91931766,88.8591486,3,4,3,3,3,4,4
1966,88,19,24,3.25037037,,-83.54948796,19.75595069,3,12,3,4,3,12,12
1967,33,19,17,2.538461538,,10.32331741,24.52312128,4,5,4,4,4,5,5
1968,90,14,23,4.31,,-36.36831706,117.5644784,3,9,3,4,3,9,9
1969,98,19,10,7.538461538,,-30.89346441,-125.6338607,5,5,5,3,5,5,5
1970,30,20,13,1.2,,-41.94513163,32.24431597,4,11,4,4,4,11,11
1971,13,20,10,0.52,,-24.1177809,-176.9483748,3,11,3,3,5,11,11
1972,42,15,23,1.68,,59.51932687,-166.0954989,5,11,5,5,5,11,11
1973,100,12,17,5.858823529,,78.2192841,-108.1820264,5,7,5,5,5,7,7
1974,92,20,13,7.076923077,,52.47045763,-2.959461376,5,5,5,5,5,5,5
1975,80,19,14,2.958518519,,1.225677258,-51.37655777,4,12,4,4,4,12,12
1976,57,14,16,4.384615385,,46.69143091,73.07138733,4,5,4,4,4,5,5
1977,42,13,17,2.8,,24.3255818,172.2064391,5,6,5,5,5,6,6
1978,44,19,18,1.76,,-55.35026174,159.2940319,3,11,3,3,3,11,11
1979,28,16,16,1.12,,49.30643664,124.4565525,5,11,5,5,5,11,11
1980,42,14,25,3.230769231,,-11.22524494,-3.666674796,4,5,4,4,4,5,5
1981,92,10,22,4.380952381,,-17.05240743,-125.8107266,3,9,3,3,3,9,9
1982,40,15,15,1.6,,64.73723153,94.95855243,5,11,5,5,5,11,11
1983,32,10,25,1.28,,2.94156823,-152.4347642,5,11,5,5,5,11,11
1984,75,18,23,5.769230769,,-73.95719651,119.7956041,3,5,3,3,3,5,5
1985,15,19,10,1,,-35.24021961,-77.64244294,5,6,5,5,5,6,6
1986,55,12,16,2.2,,-6.851618702,-15.61448848,4,11,4,4,4,11,11
1987,55,17,22,2.619047619,,37.51672873,-73.50236501,5,9,5,5,5,9,9
1988,65,19,18,5,,-86.63388208,-67.21822066,3,5,3,3,3,5,5
1989,90,17,11,3.6,,56.79859898,-120.2917428,5,11,5,5,5,11,11
1990,92,10,15,4.79230429,,18.17095327,-156.9211632,5,8,5,5,5,8,8
1991,57,16,24,4.384615385,,-41.5777512,156.5113021,3,5,3,3,3,5,5
1992,83,20,11,6.384615385,,-84.87065183,178.1266533,4,5,3,3,3,5,5
1993,21,14,12,0.84,,36.51139459,136.1767187,4,11,5,5,5,11,11
1994,75,20,11,2.774814815,,42.7611305,45.42793904,4,12,4,4,4,12,12
1995,54,20,15,2.826408669,,18.09438744,113.1770593,4,8,4,4,4,8,8
1996,67,12,11,4.466666667,,52.9430113,-120.823946,5,6,5,5,5,6,6
1997,91,14,11,3.64,,0.47308249,-68.9494351,4,11,4,4,4,11,11
1998,31,10,24,2.384615385,,-43.53001165,-104.803244,3,5,3,3,3,5,5
1999,54,14,19,4.153846154,,-40.0069174,172.7746214,3,5,3,3,3,5,5
2000,30,15,23,1.428571429,,65.62000832,79.98981249,4,9,4,4,5,9,9
